"producto","presentacion","marca","categoria","catalogo","precio","fechaRegistro","cadenaComercial","giro","nombreComercial","direccion","estado","municipio","latitud","longitud"
"CUADERNO FORMA ITALIANA","96 HOJAS PASTA DURA. CUADRICULA CHICA","ESTRELLA","MATERIAL ESCOLAR","UTILES ESCOLARES",25.9,"2011-05-18 00:00:00.000","ABASTECEDORA LUMEN","PAPELERIAS","ABASTECEDORA LUMEN SUCURSAL VILLA COAPA","CANNES No. 6 ESQ. CANAL DE MIRAMONTES","DISTRITO FEDERAL","TLALPAN                                 ",19.29699,-99.125417
"CRAYONES","CAJA 12 CERAS. JUMBO. C.B. 201423","CRAYOLA","MATERIAL ESCOLAR","UTILES ESCOLARES",27.5,"2011-05-18 00:00:00.000","ABASTECEDORA LUMEN","PAPELERIAS","ABASTECEDORA LUMEN SUCURSAL VILLA COAPA","CANNES No. 6 ESQ. CANAL DE MIRAMONTES","DISTRITO FEDERAL","TLALPAN                                 ",19.29699,-99.125417
"CRAYONES","CAJA 12 CERAS. TAMANO REGULAR C.B. 201034","CRAYOLA","MATERIAL ESCOLAR","UTILES ESCOLARES",13.9,"2011-05-18 00:00:00.000","ABASTECEDORA LUMEN","PAPELERIAS","ABASTECEDORA LUMEN SUCURSAL VILLA COAPA","CANNES No. 6 ESQ. CANAL DE MIRAMONTES","DISTRITO FEDERAL","TLALPAN                                 ",19.29699,-99.125417
"COLORES DE MADERA","CAJA 12 PIEZAS LARGO. TRIANGULAR. C.B. 640646","PINCELIN","MATERIAL ESCOLAR","UTILES ESCOLARES",46.9,"2011-05-18 00:00:00.000","ABASTECEDORA LUMEN","PAPELERIAS","ABASTECEDORA LUMEN SUCURSAL VILLA COAPA","CANNES No. 6 ESQ. CANAL DE MIRAMONTES","DISTRITO FEDERAL","TLALPAN                                 ",19.29699,-99.125417
"COLOR LARGO","CAJA 36 PIEZAS. CON SACAPUNTAS. 68-4036","CRAYOLA","MATERIAL ESCOLAR","UTILES ESCOLARES",115,"2011-05-18 00:00:00.000","ABASTECEDORA LUMEN","PAPELERIAS","ABASTECEDORA LUMEN SUCURSAL VILLA COAPA","CANNES No. 6 ESQ. CANAL DE MIRAMONTES","DISTRITO FEDERAL","TLALPAN                                 ",19.29699,-99.125417
"BOLIGRAFO","BLISTER 3 PIEZAS. PUNTO FINO. GEL","BIC. CRISTAL GEL","MATERIAL ESCOLAR","UTILES ESCOLARES",32.5,"2011-05-18 00:00:00.000","ABASTECEDORA LUMEN","PAPELERIAS","ABASTECEDORA LUMEN SUCURSAL VILLA COAPA","CANNES No. 6 ESQ. CANAL DE MIRAMONTES","DISTRITO FEDERAL","TLALPAN                                 ",19.29699,-99.125417
"CINTA ADHESIVA","BOLSA 1 PIEZA. 12 MM. X 33 M. C.B. 100317","SCOTCH 3M. 600","MATERIAL ESCOLAR","UTILES ESCOLARES",9,"2011-05-18 00:00:00.000","ABASTECEDORA LUMEN","PAPELERIAS","ABASTECEDORA LUMEN SUCURSAL VILLA COAPA","CANNES No. 6 ESQ. CANAL DE MIRAMONTES","DISTRITO FEDERAL","TLALPAN                                 ",19.29699,-99.125417
"COLORES DE MADERA","CAJA 24 PIEZAS. LARGO. GRATIS 1 SACAPUNTAS. C.B. 44584","KORES. KOLORES","MATERIAL ESCOLAR","UTILES ESCOLARES",95.9,"2011-05-18 00:00:00.000","ABASTECEDORA LUMEN","PAPELERIAS","ABASTECEDORA LUMEN SUCURSAL VILLA COAPA","CANNES No. 6 ESQ. CANAL DE MIRAMONTES","DISTRITO FEDERAL","TLALPAN                                 ",19.29699,-99.125417
"CRAYONES","CAJA 24 CERAS. TAMANO REGULAR. C.B. 608394","PAPER MATE. CARMEN","MATERIAL ESCOLAR","UTILES ESCOLARES",23.2,"2011-05-18 00:00:00.000","ABASTECEDORA LUMEN","PAPELERIAS","ABASTECEDORA LUMEN SUCURSAL VILLA COAPA","CANNES No. 6 ESQ. CANAL DE MIRAMONTES","DISTRITO FEDERAL","TLALPAN                                 ",19.29699,-99.125417
"PAN BLANCO BOLILLO","PIEZA","S/M","PAN","BASICOS",1.2,"2011-01-10 00:00:00.000","COMERCIAL MEXICANA","TIENDA DE AUTOSERVICIO","COMERCIAL MEXICANA SUCURSAL VILLAS DE LA HACIENDA","AV. LAGO DE GUADALUPE S/N ESQ. DE LAS VILLAS","MÉXICO","ATIZAPAN                                ",NA,NA
"HARINA HOT CAKES","CAJA 800 GR.","PRONTO TRADICIONALES","GALLETAS PASTAS Y HARINAS DE TRIGO","BASICOS",21.63,"2011-01-10 00:00:00.000","COMERCIAL MEXICANA","TIENDA DE AUTOSERVICIO","COMERCIAL MEXICANA SUCURSAL VILLAS DE LA HACIENDA","AV. LAGO DE GUADALUPE S/N ESQ. DE LAS VILLAS","MÉXICO","ATIZAPAN                                ",NA,NA
"PASTA PARA SOPA","PAQUETE 200 GR. SPAGHETTI","VESTA","GALLETAS PASTAS Y HARINAS DE TRIGO","BASICOS",3.45,"2011-01-10 00:00:00.000","COMERCIAL MEXICANA","TIENDA DE AUTOSERVICIO","COMERCIAL MEXICANA SUCURSAL VILLAS DE LA HACIENDA","AV. LAGO DE GUADALUPE S/N ESQ. DE LAS VILLAS","MÉXICO","ATIZAPAN                                ",NA,NA
"GALLETAS DULCES","CAJA 652 GR. RICANELAS","GAMESA","GALLETAS PASTAS Y HARINAS DE TRIGO","BASICOS",21.77,"2011-01-10 00:00:00.000","COMERCIAL MEXICANA","TIENDA DE AUTOSERVICIO","COMERCIAL MEXICANA SUCURSAL VILLAS DE LA HACIENDA","AV. LAGO DE GUADALUPE S/N ESQ. DE LAS VILLAS","MÉXICO","ATIZAPAN                                ",NA,NA
"GALLETAS DULCES","PAQUETE 280 GR. POLVORONES","MARINELA","GALLETAS PASTAS Y HARINAS DE TRIGO","BASICOS",13,"2011-01-10 00:00:00.000","COMERCIAL MEXICANA","TIENDA DE AUTOSERVICIO","COMERCIAL MEXICANA SUCURSAL VILLAS DE LA HACIENDA","AV. LAGO DE GUADALUPE S/N ESQ. DE LAS VILLAS","MÉXICO","ATIZAPAN                                ",NA,NA
"GALLETAS DULCES","CAJA 752 GR. SANDWICH. OREO. CHOCOLATE CON RELLENO CREMOSO BLANCO","NABISCO","GALLETAS PASTAS Y HARINAS DE TRIGO","BASICOS",41.97,"2011-01-10 00:00:00.000","COMERCIAL MEXICANA","TIENDA DE AUTOSERVICIO","COMERCIAL MEXICANA SUCURSAL VILLAS DE LA HACIENDA","AV. LAGO DE GUADALUPE S/N ESQ. DE LAS VILLAS","MÉXICO","ATIZAPAN                                ",NA,NA
"SHAMPOO","BOTELLA 400 ML. PROTECCION CAIDA","HEAD & SHOULDERS","ARTS. PARA EL CUIDADO PERSONAL","BASICOS",49.9,"2011-01-10 00:00:00.000","COMERCIAL MEXICANA","TIENDA DE AUTOSERVICIO","COMERCIAL MEXICANA SUCURSAL VILLAS DE LA HACIENDA","AV. LAGO DE GUADALUPE S/N ESQ. DE LAS VILLAS","MÉXICO","ATIZAPAN                                ",NA,NA
"HORNO DE MICROONDAS","MS-1446 SQP O  MS-1446 SQP / 01 . 1.4 PIES CUBICOS","LG","APARATOS ELECTRICOS","ELECTRODOMESTICOS",1598,"2011-01-10 00:00:00.000","COMERCIAL MEXICANA","TIENDA DE AUTOSERVICIO","COMERCIAL MEXICANA SUCURSAL VILLAS DE LA HACIENDA","AV. LAGO DE GUADALUPE S/N ESQ. DE LAS VILLAS","MÉXICO","ATIZAPAN                                ",NA,NA
"ACONDICIONADOR Y ENJUAGUE","BOTELLA 300 ML. FRUCTIS. STOP CAIDA","GARNIER","ARTS. PARA EL CUIDADO PERSONAL","BASICOS",39.9,"2011-01-10 00:00:00.000","COMERCIAL MEXICANA","TIENDA DE AUTOSERVICIO","COMERCIAL MEXICANA SUCURSAL VILLAS DE LA HACIENDA","AV. LAGO DE GUADALUPE S/N ESQ. DE LAS VILLAS","MÉXICO","ATIZAPAN                                ",NA,NA
"TINTE PARA EL CABELLO","CAJA","REVITALIQUE. 4","ARTS. PARA EL CUIDADO PERSONAL","BASICOS",74,"2011-01-10 00:00:00.000","COMERCIAL MEXICANA","TIENDA DE AUTOSERVICIO","COMERCIAL MEXICANA SUCURSAL VILLAS DE LA HACIENDA","AV. LAGO DE GUADALUPE S/N ESQ. DE LAS VILLAS","MÉXICO","ATIZAPAN                                ",NA,NA
"TINTE PARA EL CABELLO","CAJA","WELLA KOLESTON. 40","ARTS. PARA EL CUIDADO PERSONAL","BASICOS",58.9,"2011-01-10 00:00:00.000","COMERCIAL MEXICANA","TIENDA DE AUTOSERVICIO","COMERCIAL MEXICANA SUCURSAL VILLAS DE LA HACIENDA","AV. LAGO DE GUADALUPE S/N ESQ. DE LAS VILLAS","MÉXICO","ATIZAPAN                                ",NA,NA
"TINTE PARA EL CABELLO","CAJA","GARNIER. NUTRISSE. 40","ARTS. PARA EL CUIDADO PERSONAL","BASICOS",57.9,"2011-01-10 00:00:00.000","COMERCIAL MEXICANA","TIENDA DE AUTOSERVICIO","COMERCIAL MEXICANA SUCURSAL VILLAS DE LA HACIENDA","AV. LAGO DE GUADALUPE S/N ESQ. DE LAS VILLAS","MÉXICO","ATIZAPAN                                ",NA,NA
"TINTE PARA EL CABELLO","CAJA","CLAIROL MISS CLAIROL 40","ARTS. PARA EL CUIDADO PERSONAL","BASICOS",39.9,"2011-01-10 00:00:00.000","COMERCIAL MEXICANA","TIENDA DE AUTOSERVICIO","COMERCIAL MEXICANA SUCURSAL VILLAS DE LA HACIENDA","AV. LAGO DE GUADALUPE S/N ESQ. DE LAS VILLAS","MÉXICO","ATIZAPAN                                ",NA,NA
"SHAMPOO","BOTELLA 300 ML. 2 EN 1. CONTROL CAIDA. CON ACONDICIONADOR","PANTENE","ARTS. PARA EL CUIDADO PERSONAL","BASICOS",34.2,"2011-01-10 00:00:00.000","COMERCIAL MEXICANA","TIENDA DE AUTOSERVICIO","COMERCIAL MEXICANA SUCURSAL VILLAS DE LA HACIENDA","AV. LAGO DE GUADALUPE S/N ESQ. DE LAS VILLAS","MÉXICO","ATIZAPAN                                ",NA,NA
"TOALLA DE PAPEL","PAQUETE 2 ROLLOS 60 HOJAS DOBLES","VOGUE","ARTS. DE PAPEL P/HIGIENE PERSONAL","BASICOS",19.91,"2011-01-10 00:00:00.000","COMERCIAL MEXICANA","TIENDA DE AUTOSERVICIO","COMERCIAL MEXICANA SUCURSAL VILLAS DE LA HACIENDA","AV. LAGO DE GUADALUPE S/N ESQ. DE LAS VILLAS","MÉXICO","ATIZAPAN                                ",NA,NA
"TOALLA FEMENINA","BOLSA 14 PIEZAS. CON MANZANILLA, FLUJO MODERADO. CON ALAS","NATURELLA","ARTS. DE PAPEL P/HIGIENE PERSONAL","BASICOS",21.8,"2011-01-10 00:00:00.000","COMERCIAL MEXICANA","TIENDA DE AUTOSERVICIO","COMERCIAL MEXICANA SUCURSAL VILLAS DE LA HACIENDA","AV. LAGO DE GUADALUPE S/N ESQ. DE LAS VILLAS","MÉXICO","ATIZAPAN                                ",NA,NA
"TOALLA FEMENINA","BOLSA 16 PIEZAS. NATURAL FLEX. ANATÓMICA. CON ALAS","KOTEX","ARTS. DE PAPEL P/HIGIENE PERSONAL","BASICOS",27.05,"2011-01-10 00:00:00.000","COMERCIAL MEXICANA","TIENDA DE AUTOSERVICIO","COMERCIAL MEXICANA SUCURSAL VILLAS DE LA HACIENDA","AV. LAGO DE GUADALUPE S/N ESQ. DE LAS VILLAS","MÉXICO","ATIZAPAN                                ",NA,NA
"PAÑALES DESECHABLES","PAQUETE 38 PIEZAS. ETAPA 4. NIÑA","HUGGIES. ULTRA CONFORT","ARTS. DE PAPEL P/HIGIENE PERSONAL","BASICOS",148.6,"2011-01-10 00:00:00.000","COMERCIAL MEXICANA","TIENDA DE AUTOSERVICIO","COMERCIAL MEXICANA SUCURSAL VILLAS DE LA HACIENDA","AV. LAGO DE GUADALUPE S/N ESQ. DE LAS VILLAS","MÉXICO","ATIZAPAN                                ",NA,NA
"PAÑALES DESECHABLES","PAQUETE 40 PIEZAS. TALLA 4","CHICOLASTIC. CLASSIC","ARTS. DE PAPEL P/HIGIENE PERSONAL","BASICOS",98.5,"2011-01-10 00:00:00.000","COMERCIAL MEXICANA","TIENDA DE AUTOSERVICIO","COMERCIAL MEXICANA SUCURSAL VILLAS DE LA HACIENDA","AV. LAGO DE GUADALUPE S/N ESQ. DE LAS VILLAS","MÉXICO","ATIZAPAN                                ",NA,NA
"ACONDICIONADOR / ENJUAGUE","BOTELLA 400 ML. CONTROL CAIDA","PANTENE","ARTS. PARA EL CUIDADO PERSONAL","BASICOS",43.85,"2011-01-10 00:00:00.000","COMERCIAL MEXICANA","TIENDA DE AUTOSERVICIO","COMERCIAL MEXICANA SUCURSAL VILLAS DE LA HACIENDA","AV. LAGO DE GUADALUPE S/N ESQ. DE LAS VILLAS","MÉXICO","ATIZAPAN                                ",NA,NA
"DILACORAN RETARD","CAJA CON 30 TABLETAS DE 120 MG.","ABBOTT LABORATORIES DE MEXICO, S.A. DE C.V.","MEDICAMENTOS","MEDICAMENTOS",272.58,"2011-01-10 00:00:00.000","COMERCIAL MEXICANA","TIENDA DE AUTOSERVICIO","COMERCIAL MEXICANA SUCURSAL VILLAS DE LA HACIENDA","AV. LAGO DE GUADALUPE S/N ESQ. DE LAS VILLAS","MÉXICO","ATIZAPAN                                ",NA,NA
"CREMA LIQUIDA","BOTELLA 400 ML. PIEL SECA. AGUA DE ROSAS + ACEITE DE AGUACATE","PALMOLIVE. HYDRA NATURA","ARTS. PARA EL CUIDADO PERSONAL","BASICOS",42,"2011-01-10 00:00:00.000","COMERCIAL MEXICANA","TIENDA DE AUTOSERVICIO","COMERCIAL MEXICANA SUCURSAL VILLAS DE LA HACIENDA","AV. LAGO DE GUADALUPE S/N ESQ. DE LAS VILLAS","MÉXICO","ATIZAPAN                                ",NA,NA
"CREMA LIQUIDA","BOTELLA 420 ML. CLASICA PIEL SECA.","HINDS","ARTS. PARA EL CUIDADO PERSONAL","BASICOS",32.91,"2011-01-10 00:00:00.000","COMERCIAL MEXICANA","TIENDA DE AUTOSERVICIO","COMERCIAL MEXICANA SUCURSAL VILLAS DE LA HACIENDA","AV. LAGO DE GUADALUPE S/N ESQ. DE LAS VILLAS","MÉXICO","ATIZAPAN                                ",NA,NA
"DESODORANTE","ROLL ON 65 ML. NEUTRO BALANCE (BOTELLA TRANSPARENTE)","PALMOLIVE","ARTS. PARA EL CUIDADO PERSONAL","BASICOS",21.5,"2011-01-10 00:00:00.000","COMERCIAL MEXICANA","TIENDA DE AUTOSERVICIO","COMERCIAL MEXICANA SUCURSAL VILLAS DE LA HACIENDA","AV. LAGO DE GUADALUPE S/N ESQ. DE LAS VILLAS","MÉXICO","ATIZAPAN                                ",NA,NA
"DESODORANTE","BARRA 56 GR. FRESH POWER 24 H. ICE DIVE","ADIDAS","ARTS. PARA EL CUIDADO PERSONAL","BASICOS",32.5,"2011-01-10 00:00:00.000","COMERCIAL MEXICANA","TIENDA DE AUTOSERVICIO","COMERCIAL MEXICANA SUCURSAL VILLAS DE LA HACIENDA","AV. LAGO DE GUADALUPE S/N ESQ. DE LAS VILLAS","MÉXICO","ATIZAPAN                                ",NA,NA
"CIRUELA PASA","1 KG. GRANEL","S/M","PRODUCTOS DE TEMPORADA (NAVIDEÐOS)","MERCADOS",49.9,"2011-01-10 00:00:00.000","COMERCIAL MEXICANA","TIENDA DE AUTOSERVICIO","COMERCIAL MEXICANA SUCURSAL VILLAS DE LA HACIENDA","AV. LAGO DE GUADALUPE S/N ESQ. DE LAS VILLAS","MÉXICO","ATIZAPAN                                ",NA,NA
"NAXEN","CAJA CON 45 TABLETAS DE 500 MG","SYNTEX, S.A. DE C.V.","MEDICAMENTOS","MEDICAMENTOS",353.25,"2011-01-10 00:00:00.000","COMERCIAL MEXICANA","TIENDA DE AUTOSERVICIO","COMERCIAL MEXICANA SUCURSAL VILLAS DE LA HACIENDA","AV. LAGO DE GUADALUPE S/N ESQ. DE LAS VILLAS","MÉXICO","ATIZAPAN                                ",NA,NA
"KLARICID H.P.","CAJA CON 10 TABLETAS DE 500 MG","ABBOTT LABORATORIES DE MEXICO, S.A. DE C.V.","MEDICAMENTOS","MEDICAMENTOS",419.44,"2011-01-10 00:00:00.000","COMERCIAL MEXICANA","TIENDA DE AUTOSERVICIO","COMERCIAL MEXICANA SUCURSAL VILLAS DE LA HACIENDA","AV. LAGO DE GUADALUPE S/N ESQ. DE LAS VILLAS","MÉXICO","ATIZAPAN                                ",NA,NA
"TEGRETOL","CAJA CON 30 COMPRIMIDOS DE  200 MG","SIN MARCA","MEDICAMENTOS","MEDICAMENTOS",200.9,"2011-01-10 00:00:00.000","COMERCIAL MEXICANA","TIENDA DE AUTOSERVICIO","COMERCIAL MEXICANA SUCURSAL VILLAS DE LA HACIENDA","AV. LAGO DE GUADALUPE S/N ESQ. DE LAS VILLAS","MÉXICO","ATIZAPAN                                ",NA,NA
"ZOVIRAX","CAJA CON FRASCO SUSPENSION CON 60 ML 200 MG/5 ML SABOR PLATANO","GLAXO WELLCOME MEXICO, S.A. DE C.V.","MEDICAMENTOS","MEDICAMENTOS",171.47,"2011-01-10 00:00:00.000","COMERCIAL MEXICANA","TIENDA DE AUTOSERVICIO","COMERCIAL MEXICANA SUCURSAL VILLAS DE LA HACIENDA","AV. LAGO DE GUADALUPE S/N ESQ. DE LAS VILLAS","MÉXICO","ATIZAPAN                                ",NA,NA
"BISOLVON ADULTO","CAJA CON FRASCO CON 100 ML SOLUCION","SIN MARCA","MEDICAMENTOS","MEDICAMENTOS",104.5,"2011-01-10 00:00:00.000","COMERCIAL MEXICANA","TIENDA DE AUTOSERVICIO","COMERCIAL MEXICANA SUCURSAL VILLAS DE LA HACIENDA","AV. LAGO DE GUADALUPE S/N ESQ. DE LAS VILLAS","MÉXICO","ATIZAPAN                                ",NA,NA
"INDERALICI","CAJA CON 42 TABLETAS DE 10 MG.","ASTRAZENECA, S.A. DE C.V.","MEDICAMENTOS","MEDICAMENTOS",56.28,"2011-01-10 00:00:00.000","COMERCIAL MEXICANA","TIENDA DE AUTOSERVICIO","COMERCIAL MEXICANA SUCURSAL VILLAS DE LA HACIENDA","AV. LAGO DE GUADALUPE S/N ESQ. DE LAS VILLAS","MÉXICO","ATIZAPAN                                ",NA,NA
"TELEVISORES","KDL-40EX401. COLOR 40 PLGS. PANTALLA CRISTAL LIQUIDO","SONY. BRAVIA","APARATOS ELECTRONICOS","ELECTRODOMESTICOS",10998,"2011-01-10 00:00:00.000","COMERCIAL MEXICANA","TIENDA DE AUTOSERVICIO","COMERCIAL MEXICANA SUCURSAL VILLAS DE LA HACIENDA","AV. LAGO DE GUADALUPE S/N ESQ. DE LAS VILLAS","MÉXICO","ATIZAPAN                                ",NA,NA
"PILAS ELECTRICAS","PAQUETE CON 4. AA. ULTRA. POWER","DURACELL","ACCESORIOS DOMESTICOS","BASICOS",69.9,"2011-01-10 00:00:00.000","COMERCIAL MEXICANA","TIENDA DE AUTOSERVICIO","COMERCIAL MEXICANA SUCURSAL VILLAS DE LA HACIENDA","AV. LAGO DE GUADALUPE S/N ESQ. DE LAS VILLAS","MÉXICO","ATIZAPAN                                ",NA,NA
"DETERGENTE P/TRASTES","BOTELLA 900 ML. LIQUIDO. LIMON","AXION","DETERGENTES Y PRODUCTOS SIMILARES","BASICOS",17.5,"2011-01-10 00:00:00.000","COMERCIAL MEXICANA","TIENDA DE AUTOSERVICIO","COMERCIAL MEXICANA SUCURSAL VILLAS DE LA HACIENDA","AV. LAGO DE GUADALUPE S/N ESQ. DE LAS VILLAS","MÉXICO","ATIZAPAN                                ",NA,NA
"DETERGENTE P/ROPA","BOTELLA 1 LT. LIQUIDO","MAS. BLANCO","DETERGENTES Y PRODUCTOS SIMILARES","BASICOS",34,"2011-01-10 00:00:00.000","COMERCIAL MEXICANA","TIENDA DE AUTOSERVICIO","COMERCIAL MEXICANA SUCURSAL VILLAS DE LA HACIENDA","AV. LAGO DE GUADALUPE S/N ESQ. DE LAS VILLAS","MÉXICO","ATIZAPAN                                ",NA,NA
"DETERGENTE P/ROPA","BOTELLA 1 LT. LIQUIDO. DELICADA","VEL ROSITA","DETERGENTES Y PRODUCTOS SIMILARES","BASICOS",36.15,"2011-01-10 00:00:00.000","COMERCIAL MEXICANA","TIENDA DE AUTOSERVICIO","COMERCIAL MEXICANA SUCURSAL VILLAS DE LA HACIENDA","AV. LAGO DE GUADALUPE S/N ESQ. DE LAS VILLAS","MÉXICO","ATIZAPAN                                ",NA,NA
"DETERGENTE P/ROPA","BOTELLA 1 LT. LIQUIDO","MAS. DELICADA","DETERGENTES Y PRODUCTOS SIMILARES","BASICOS",34.9,"2011-01-10 00:00:00.000","COMERCIAL MEXICANA","TIENDA DE AUTOSERVICIO","COMERCIAL MEXICANA SUCURSAL VILLAS DE LA HACIENDA","AV. LAGO DE GUADALUPE S/N ESQ. DE LAS VILLAS","MÉXICO","ATIZAPAN                                ",NA,NA
"BROCOLI","1 KG.","S/M","HORTALIZAS FRESCAS","FRUTAS Y LEGUMBRES",26.5,"2011-01-10 00:00:00.000","COMERCIAL MEXICANA","TIENDA DE AUTOSERVICIO","COMERCIAL MEXICANA SUCURSAL VILLAS DE LA HACIENDA","AV. LAGO DE GUADALUPE S/N ESQ. DE LAS VILLAS","MÉXICO","ATIZAPAN                                ",NA,NA
"MELON","1 KG. CHINO","S/M","FRUTAS FRESCAS","FRUTAS Y LEGUMBRES",13.5,"2011-01-10 00:00:00.000","COMERCIAL MEXICANA","TIENDA DE AUTOSERVICIO","COMERCIAL MEXICANA SUCURSAL VILLAS DE LA HACIENDA","AV. LAGO DE GUADALUPE S/N ESQ. DE LAS VILLAS","MÉXICO","ATIZAPAN                                ",NA,NA
"HORNO DE MICROONDAS","XO 1410 MD. 1.4 PIES CUBICOS","MABE","APARATOS ELECTRICOS","ELECTRODOMESTICOS",1598,"2011-01-10 00:00:00.000","COMERCIAL MEXICANA","TIENDA DE AUTOSERVICIO","COMERCIAL MEXICANA SUCURSAL VILLAS DE LA HACIENDA","AV. LAGO DE GUADALUPE S/N ESQ. DE LAS VILLAS","MÉXICO","ATIZAPAN                                ",NA,NA
"HORNO DE MICROONDAS","WM-1107D00  o  WM-1107D. 0.7 PIES CUBICOS","WHIRLPOOL","APARATOS ELECTRICOS","ELECTRODOMESTICOS",1208,"2011-01-10 00:00:00.000","COMERCIAL MEXICANA","TIENDA DE AUTOSERVICIO","COMERCIAL MEXICANA SUCURSAL VILLAS DE LA HACIENDA","AV. LAGO DE GUADALUPE S/N ESQ. DE LAS VILLAS","MÉXICO","ATIZAPAN                                ",NA,NA
"DVD / BLU RAY","DVP-SR200P. 1 CD; DOLBY DIGITAL DTS DIGITAL OUT; DVD; CD;MP3; JPEG; REGION 4","SONY","APARATOS ELECTRONICOS","ELECTRODOMESTICOS",698,"2011-01-10 00:00:00.000","COMERCIAL MEXICANA","TIENDA DE AUTOSERVICIO","COMERCIAL MEXICANA SUCURSAL VILLAS DE LA HACIENDA","AV. LAGO DE GUADALUPE S/N ESQ. DE LAS VILLAS","MÉXICO","ATIZAPAN                                ",NA,NA
"DVD / BLU RAY","DMP-BD45. 1 CD; DOLBY TRUE HD; DTS-HD MASTER AUDIO; BLU-RAY; DVD;CD; USB; REGION 4","PANASONIC","APARATOS ELECTRONICOS","ELECTRODOMESTICOS",2348,"2011-01-10 00:00:00.000","COMERCIAL MEXICANA","TIENDA DE AUTOSERVICIO","COMERCIAL MEXICANA SUCURSAL VILLAS DE LA HACIENDA","AV. LAGO DE GUADALUPE S/N ESQ. DE LAS VILLAS","MÉXICO","ATIZAPAN                                ",NA,NA
"FRIJOL","BOLSA 1 KG. CANARIO","SAN LAZARO","LEGUMBRES SECAS","BASICOS",19.39,"2011-01-10 00:00:00.000","COMERCIAL MEXICANA","TIENDA DE AUTOSERVICIO","COMERCIAL MEXICANA SUCURSAL VILLAS DE LA HACIENDA","AV. LAGO DE GUADALUPE S/N ESQ. DE LAS VILLAS","MÉXICO","ATIZAPAN                                ",NA,NA
"ZANAHORIA","1 KG. GRANDE","S/M","HORTALIZAS FRESCAS","FRUTAS Y LEGUMBRES",12.9,"2011-01-10 00:00:00.000","COMERCIAL MEXICANA","TIENDA DE AUTOSERVICIO","COMERCIAL MEXICANA SUCURSAL VILLAS DE LA HACIENDA","AV. LAGO DE GUADALUPE S/N ESQ. DE LAS VILLAS","MÉXICO","ATIZAPAN                                ",NA,NA
"JITOMATE","1 KG. SALADETTE","S/M","HORTALIZAS FRESCAS","FRUTAS Y LEGUMBRES",14.9,"2011-01-10 00:00:00.000","COMERCIAL MEXICANA","TIENDA DE AUTOSERVICIO","COMERCIAL MEXICANA SUCURSAL VILLAS DE LA HACIENDA","AV. LAGO DE GUADALUPE S/N ESQ. DE LAS VILLAS","MÉXICO","ATIZAPAN                                ",NA,NA
"COL","1 KG. MORADA","S/M","HORTALIZAS FRESCAS","FRUTAS Y LEGUMBRES",14.9,"2011-01-10 00:00:00.000","COMERCIAL MEXICANA","TIENDA DE AUTOSERVICIO","COMERCIAL MEXICANA SUCURSAL VILLAS DE LA HACIENDA","AV. LAGO DE GUADALUPE S/N ESQ. DE LAS VILLAS","MÉXICO","ATIZAPAN                                ",NA,NA
"COL","1 KG. BLANCA","S/M","HORTALIZAS FRESCAS","FRUTAS Y LEGUMBRES",9.7,"2011-01-10 00:00:00.000","COMERCIAL MEXICANA","TIENDA DE AUTOSERVICIO","COMERCIAL MEXICANA SUCURSAL VILLAS DE LA HACIENDA","AV. LAGO DE GUADALUPE S/N ESQ. DE LAS VILLAS","MÉXICO","ATIZAPAN                                ",NA,NA
"CALABAZA","1 KG. ITALIANA/JAPONESA","S/M","HORTALIZAS FRESCAS","FRUTAS Y LEGUMBRES",14.4,"2011-01-10 00:00:00.000","COMERCIAL MEXICANA","TIENDA DE AUTOSERVICIO","COMERCIAL MEXICANA SUCURSAL VILLAS DE LA HACIENDA","AV. LAGO DE GUADALUPE S/N ESQ. DE LAS VILLAS","MÉXICO","ATIZAPAN                                ",NA,NA
"CHILES EN LATA","LATA 215 GR. JALAPENOS EN ESCABECHE","SAN MARCOS","FRUTAS Y LEGUMBRES PROCESADAS","BASICOS",6.1,"2011-01-10 00:00:00.000","COMERCIAL MEXICANA","TIENDA DE AUTOSERVICIO","COMERCIAL MEXICANA SUCURSAL VILLAS DE LA HACIENDA","AV. LAGO DE GUADALUPE S/N ESQ. DE LAS VILLAS","MÉXICO","ATIZAPAN                                ",NA,NA
"CHILES EN LATA","LATA 220 GR. CHIPOTLES ADOBADOS","LA COSTENA","FRUTAS Y LEGUMBRES PROCESADAS","BASICOS",10.91,"2011-01-10 00:00:00.000","COMERCIAL MEXICANA","TIENDA DE AUTOSERVICIO","COMERCIAL MEXICANA SUCURSAL VILLAS DE LA HACIENDA","AV. LAGO DE GUADALUPE S/N ESQ. DE LAS VILLAS","MÉXICO","ATIZAPAN                                ",NA,NA
"CHILES EN LATA","LATA 220 GR. JALAPENOS RAJAS","LA COSTENA","FRUTAS Y LEGUMBRES PROCESADAS","BASICOS",4.9,"2011-01-10 00:00:00.000","COMERCIAL MEXICANA","TIENDA DE AUTOSERVICIO","COMERCIAL MEXICANA SUCURSAL VILLAS DE LA HACIENDA","AV. LAGO DE GUADALUPE S/N ESQ. DE LAS VILLAS","MÉXICO","ATIZAPAN                                ",NA,NA
"FRIJOL","BOLSA 1 KG. PERUANO","MORELOS. INDEPENDIENTE","LEGUMBRES SECAS","BASICOS",17,"2011-01-10 00:00:00.000","COMERCIAL MEXICANA","TIENDA DE AUTOSERVICIO","COMERCIAL MEXICANA SUCURSAL VILLAS DE LA HACIENDA","AV. LAGO DE GUADALUPE S/N ESQ. DE LAS VILLAS","MÉXICO","ATIZAPAN                                ",NA,NA
"FRIJOL","BOLSA 1 KG. NEGRO. QUERETARO","MARCA INSTITUCIONAL","LEGUMBRES SECAS","BASICOS",15.9,"2011-01-10 00:00:00.000","COMERCIAL MEXICANA","TIENDA DE AUTOSERVICIO","COMERCIAL MEXICANA SUCURSAL VILLAS DE LA HACIENDA","AV. LAGO DE GUADALUPE S/N ESQ. DE LAS VILLAS","MÉXICO","ATIZAPAN                                ",NA,NA
"FRIJOL","BOLSA 1 KG. PINTO","VERDE VALLE","LEGUMBRES SECAS","BASICOS",19.9,"2011-01-10 00:00:00.000","COMERCIAL MEXICANA","TIENDA DE AUTOSERVICIO","COMERCIAL MEXICANA SUCURSAL VILLAS DE LA HACIENDA","AV. LAGO DE GUADALUPE S/N ESQ. DE LAS VILLAS","MÉXICO","ATIZAPAN                                ",NA,NA
"FRIJOLES","LATA 400 GR. REFRITOS. NEGRO","LA COSTENA","FRUTAS Y LEGUMBRES PROCESADAS","BASICOS",10.35,"2011-01-10 00:00:00.000","COMERCIAL MEXICANA","TIENDA DE AUTOSERVICIO","COMERCIAL MEXICANA SUCURSAL VILLAS DE LA HACIENDA","AV. LAGO DE GUADALUPE S/N ESQ. DE LAS VILLAS","MÉXICO","ATIZAPAN                                ",NA,NA
"HORTALIZAS CONGELADAS","BOLSA 500 GR.","COMBINADO PRIMAVERA. LA HUERTA","FRUTAS Y LEGUMBRES PROCESADAS","BASICOS",21.4,"2011-01-10 00:00:00.000","COMERCIAL MEXICANA","TIENDA DE AUTOSERVICIO","COMERCIAL MEXICANA SUCURSAL VILLAS DE LA HACIENDA","AV. LAGO DE GUADALUPE S/N ESQ. DE LAS VILLAS","MÉXICO","ATIZAPAN                                ",NA,NA
"HORTALIZAS CONGELADAS","BOLSA 500 GR.","MEZCLA CALIFORNIA. LA HUERTA","FRUTAS Y LEGUMBRES PROCESADAS","BASICOS",20.7,"2011-01-10 00:00:00.000","COMERCIAL MEXICANA","TIENDA DE AUTOSERVICIO","COMERCIAL MEXICANA SUCURSAL VILLAS DE LA HACIENDA","AV. LAGO DE GUADALUPE S/N ESQ. DE LAS VILLAS","MÉXICO","ATIZAPAN                                ",NA,NA
"HORTALIZAS CONGELADAS","BOLSA 500 GR.","GRANOS DE ELOTE. LA HUERTA","FRUTAS Y LEGUMBRES PROCESADAS","BASICOS",26.35,"2011-01-10 00:00:00.000","COMERCIAL MEXICANA","TIENDA DE AUTOSERVICIO","COMERCIAL MEXICANA SUCURSAL VILLAS DE LA HACIENDA","AV. LAGO DE GUADALUPE S/N ESQ. DE LAS VILLAS","MÉXICO","ATIZAPAN                                ",NA,NA
"CHICHAROS EN LATA","LATA 220 GR.","CLEMENTE JACQUES","FRUTAS Y LEGUMBRES PROCESADAS","BASICOS",5,"2011-01-10 00:00:00.000","COMERCIAL MEXICANA","TIENDA DE AUTOSERVICIO","COMERCIAL MEXICANA SUCURSAL VILLAS DE LA HACIENDA","AV. LAGO DE GUADALUPE S/N ESQ. DE LAS VILLAS","MÉXICO","ATIZAPAN                                ",NA,NA
"PURE DE TOMATE","CAJA 1 KG. CONDIMENTADO","DEL FUERTE","FRUTAS Y LEGUMBRES PROCESADAS","BASICOS",13.75,"2011-01-10 00:00:00.000","COMERCIAL MEXICANA","TIENDA DE AUTOSERVICIO","COMERCIAL MEXICANA SUCURSAL VILLAS DE LA HACIENDA","AV. LAGO DE GUADALUPE S/N ESQ. DE LAS VILLAS","MÉXICO","ATIZAPAN                                ",NA,NA
"CAFE SOLUBLE","FRASCO 200 GR. TIPO TRADICIONAL CON AZUCAR","INTERNACIONAL","CAFE","BASICOS",40.35,"2011-01-10 00:00:00.000","COMERCIAL MEXICANA","TIENDA DE AUTOSERVICIO","COMERCIAL MEXICANA SUCURSAL VILLAS DE LA HACIENDA","AV. LAGO DE GUADALUPE S/N ESQ. DE LAS VILLAS","MÉXICO","ATIZAPAN                                ",NA,NA
"AZUCAR","BOLSA PLASTICO 2 KG. ESTANDAR MORENA","S/M","AZUCAR","MERCADOS",34.9,"2011-01-10 00:00:00.000","COMERCIAL MEXICANA","TIENDA DE AUTOSERVICIO","COMERCIAL MEXICANA SUCURSAL VILLAS DE LA HACIENDA","AV. LAGO DE GUADALUPE S/N ESQ. DE LAS VILLAS","MÉXICO","ATIZAPAN                                ",NA,NA
"PIÑA EN ALMIBAR","LATA 800 GR. TROCITOS","HERDEZ","FRUTAS Y LEGUMBRES PROCESADAS","BASICOS",27.7,"2011-01-10 00:00:00.000","COMERCIAL MEXICANA","TIENDA DE AUTOSERVICIO","COMERCIAL MEXICANA SUCURSAL VILLAS DE LA HACIENDA","AV. LAGO DE GUADALUPE S/N ESQ. DE LAS VILLAS","MÉXICO","ATIZAPAN                                ",NA,NA
"DURAZNOS EN ALMIBAR","LATA 800 GR. MITADES","HERDEZ","FRUTAS Y LEGUMBRES PROCESADAS","BASICOS",29.95,"2011-01-10 00:00:00.000","COMERCIAL MEXICANA","TIENDA DE AUTOSERVICIO","COMERCIAL MEXICANA SUCURSAL VILLAS DE LA HACIENDA","AV. LAGO DE GUADALUPE S/N ESQ. DE LAS VILLAS","MÉXICO","ATIZAPAN                                ",NA,NA
"MERMELADA","FRASCO 270 GR. PIÑA","LA COSTEÑA","FRUTAS Y LEGUMBRES PROCESADAS","BASICOS",15.01,"2011-01-10 00:00:00.000","COMERCIAL MEXICANA","TIENDA DE AUTOSERVICIO","COMERCIAL MEXICANA SUCURSAL VILLAS DE LA HACIENDA","AV. LAGO DE GUADALUPE S/N ESQ. DE LAS VILLAS","MÉXICO","ATIZAPAN                                ",NA,NA
"MERMELADA","FRASCO 270 GR. FRESA","MC CORMICK","FRUTAS Y LEGUMBRES PROCESADAS","MERCADOS",11.96,"2011-01-10 00:00:00.000","COMERCIAL MEXICANA","TIENDA DE AUTOSERVICIO","COMERCIAL MEXICANA SUCURSAL VILLAS DE LA HACIENDA","AV. LAGO DE GUADALUPE S/N ESQ. DE LAS VILLAS","MÉXICO","ATIZAPAN                                ",NA,NA
"MAYONESA","FRASCO 390 GR. CON JUGO DE LIMONES","MC CORMICK","CONDIMENTOS","BASICOS",18.3,"2011-01-10 00:00:00.000","COMERCIAL MEXICANA","TIENDA DE AUTOSERVICIO","COMERCIAL MEXICANA SUCURSAL VILLAS DE LA HACIENDA","AV. LAGO DE GUADALUPE S/N ESQ. DE LAS VILLAS","MÉXICO","ATIZAPAN                                ",NA,NA
"JUGO DE FRUTA","CAJA 1 LT. ZANARANJA","V8 SPLASH","REFRESCOS ENVASADOS","BASICOS",15.72,"2011-01-10 00:00:00.000","COMERCIAL MEXICANA","TIENDA DE AUTOSERVICIO","COMERCIAL MEXICANA SUCURSAL VILLAS DE LA HACIENDA","AV. LAGO DE GUADALUPE S/N ESQ. DE LAS VILLAS","MÉXICO","ATIZAPAN                                ",NA,NA
"JUGO DE FRUTA","CAJA 1 LT. MANGO","BOING!","REFRESCOS ENVASADOS","BASICOS",8.8,"2011-01-10 00:00:00.000","COMERCIAL MEXICANA","TIENDA DE AUTOSERVICIO","COMERCIAL MEXICANA SUCURSAL VILLAS DE LA HACIENDA","AV. LAGO DE GUADALUPE S/N ESQ. DE LAS VILLAS","MÉXICO","ATIZAPAN                                ",NA,NA
"JUGO DE FRUTA","CAJA 1 LT. NARANJA","FLORIDA 7","REFRESCOS ENVASADOS","BASICOS",9.72,"2011-01-10 00:00:00.000","COMERCIAL MEXICANA","TIENDA DE AUTOSERVICIO","COMERCIAL MEXICANA SUCURSAL VILLAS DE LA HACIENDA","AV. LAGO DE GUADALUPE S/N ESQ. DE LAS VILLAS","MÉXICO","ATIZAPAN                                ",NA,NA
"CAFE TOSTADO Y MOLIDO","BOLSA 400 GR.","LEGAL. MEZCLADO CON AZUCAR","CAFE","BASICOS",40.94,"2011-01-10 00:00:00.000","COMERCIAL MEXICANA","TIENDA DE AUTOSERVICIO","COMERCIAL MEXICANA SUCURSAL VILLAS DE LA HACIENDA","AV. LAGO DE GUADALUPE S/N ESQ. DE LAS VILLAS","MÉXICO","ATIZAPAN                                ",NA,NA
"CAFE SOLUBLE","FRASCO 200 GR. ROJA CON AZUCAR","LEGAL","CAFE","MERCADOS",37.9,"2011-01-10 00:00:00.000","COMERCIAL MEXICANA","TIENDA DE AUTOSERVICIO","COMERCIAL MEXICANA SUCURSAL VILLAS DE LA HACIENDA","AV. LAGO DE GUADALUPE S/N ESQ. DE LAS VILLAS","MÉXICO","ATIZAPAN                                ",NA,NA
"GELATINA EN POLVO","BOLSA 35 GR. AGUA. LIMON","JELL-O","CHOCOLATES Y GOLOSINAS","BASICOS",9.35,"2011-01-10 00:00:00.000","COMERCIAL MEXICANA","TIENDA DE AUTOSERVICIO","COMERCIAL MEXICANA SUCURSAL VILLAS DE LA HACIENDA","AV. LAGO DE GUADALUPE S/N ESQ. DE LAS VILLAS","MÉXICO","ATIZAPAN                                ",NA,NA
"POLVO P/PREPARAR BEBIDAS","SOBRE 25 GR.","TANG. NO NECESITA AZUCAR","CHOCOLATES Y GOLOSINAS","MERCADOS",3,"2011-01-10 00:00:00.000","COMERCIAL MEXICANA","TIENDA DE AUTOSERVICIO","COMERCIAL MEXICANA SUCURSAL VILLAS DE LA HACIENDA","AV. LAGO DE GUADALUPE S/N ESQ. DE LAS VILLAS","MÉXICO","ATIZAPAN                                ",NA,NA
"POLVO P/HORNEAR","BOTE 454 GR.","ROYAL","CONDIMENTOS","BASICOS",19.89,"2011-01-10 00:00:00.000","COMERCIAL MEXICANA","TIENDA DE AUTOSERVICIO","COMERCIAL MEXICANA SUCURSAL VILLAS DE LA HACIENDA","AV. LAGO DE GUADALUPE S/N ESQ. DE LAS VILLAS","MÉXICO","ATIZAPAN                                ",NA,NA
"NUEZ","1 KG. GRANEL. EN MITADES","S/M","CONDIMENTOS","BASICOS",237.5,"2011-01-10 00:00:00.000","COMERCIAL MEXICANA","TIENDA DE AUTOSERVICIO","COMERCIAL MEXICANA SUCURSAL VILLAS DE LA HACIENDA","AV. LAGO DE GUADALUPE S/N ESQ. DE LAS VILLAS","MÉXICO","ATIZAPAN                                ",NA,NA
"SALSA CATSUP","BOTELLA 400 GR. PLASTICO","LA COSTENA","CONDIMENTOS","BASICOS",14.5,"2011-01-10 00:00:00.000","COMERCIAL MEXICANA","TIENDA DE AUTOSERVICIO","COMERCIAL MEXICANA SUCURSAL VILLAS DE LA HACIENDA","AV. LAGO DE GUADALUPE S/N ESQ. DE LAS VILLAS","MÉXICO","ATIZAPAN                                ",NA,NA
"MOLE ROJO EN PASTA","VASO 235 GR.","DONA MARIA","CONDIMENTOS","MERCADOS",20.3,"2011-01-10 00:00:00.000","COMERCIAL MEXICANA","TIENDA DE AUTOSERVICIO","COMERCIAL MEXICANA SUCURSAL VILLAS DE LA HACIENDA","AV. LAGO DE GUADALUPE S/N ESQ. DE LAS VILLAS","MÉXICO","ATIZAPAN                                ",NA,NA
"SPECIAL K","CAJA 450 GR. ORIGINAL","KELLOGG'S","ARROZ Y CEREALES PREPARADOS","BASICOS",37.46,"2011-01-10 00:00:00.000","COMERCIAL MEXICANA","TIENDA DE AUTOSERVICIO","COMERCIAL MEXICANA SUCURSAL VILLAS DE LA HACIENDA","AV. LAGO DE GUADALUPE S/N ESQ. DE LAS VILLAS","MÉXICO","ATIZAPAN                                ",NA,NA
"GALLETAS","CAJA 850 GR. MARIAS","GAMESA","GALLETAS PASTAS Y HARINAS DE TRIGO","BASICOS",24.8,"2011-01-10 00:00:00.000","COMERCIAL MEXICANA","TIENDA DE AUTOSERVICIO","COMERCIAL MEXICANA SUCURSAL VILLAS DE LA HACIENDA","AV. LAGO DE GUADALUPE S/N ESQ. DE LAS VILLAS","MÉXICO","ATIZAPAN                                ",NA,NA
"GALLETAS","CAJA 1 KG. MARIAS","CUETARA","GALLETAS PASTAS Y HARINAS DE TRIGO","BASICOS",27,"2011-01-10 00:00:00.000","COMERCIAL MEXICANA","TIENDA DE AUTOSERVICIO","COMERCIAL MEXICANA SUCURSAL VILLAS DE LA HACIENDA","AV. LAGO DE GUADALUPE S/N ESQ. DE LAS VILLAS","MÉXICO","ATIZAPAN                                ",NA,NA
"HORNO DE MICROONDAS","WM 1111 D00. 1.1 PIES CUBICOS","WHIRLPOOL","APARATOS ELECTRICOS","ELECTRODOMESTICOS",1612,"2011-01-10 00:00:00.000","COMERCIAL MEXICANA","TIENDA DE AUTOSERVICIO","COMERCIAL MEXICANA SUCURSAL VILLAS DE LA HACIENDA","AV. LAGO DE GUADALUPE S/N ESQ. DE LAS VILLAS","MÉXICO","ATIZAPAN                                ",NA,NA
"ESTUFAS","EI 3004 BB0. FRENTE 30 PLGS. 5 QUEMADORES. ENCENDIDO MANUAL. COLOR BLANCA","IEM","MUEBLES DE COCINA","ELECTRODOMESTICOS",2998,"2011-01-10 00:00:00.000","COMERCIAL MEXICANA","TIENDA DE AUTOSERVICIO","COMERCIAL MEXICANA SUCURSAL VILLAS DE LA HACIENDA","AV. LAGO DE GUADALUPE S/N ESQ. DE LAS VILLAS","MÉXICO","ATIZAPAN                                ",NA,NA
"JARABE P/PREPARAR BEBIDAS","BOTELLA 700 ML. HORCHATA (AZUL)","PRINCESA","CHOCOLATES Y GOLOSINAS","BASICOS",27.53,"2011-01-10 00:00:00.000","COMERCIAL MEXICANA","TIENDA DE AUTOSERVICIO","COMERCIAL MEXICANA SUCURSAL VILLAS DE LA HACIENDA","AV. LAGO DE GUADALUPE S/N ESQ. DE LAS VILLAS","MÉXICO","ATIZAPAN                                ",NA,NA
"PATA DE CERDO","1 KG. GRANEL","S/M","CARNE Y VISCERAS DE CERDO","MERCADOS",28.9,"2011-01-10 00:00:00.000","COMERCIAL MEXICANA","TIENDA DE AUTOSERVICIO","COMERCIAL MEXICANA SUCURSAL VILLAS DE LA HACIENDA","AV. LAGO DE GUADALUPE S/N ESQ. DE LAS VILLAS","MÉXICO","ATIZAPAN                                ",NA,NA
"PECHUGA DE POLLO","1 KG. GRANEL CON HUESO","S/M","CARNE DE AVE","MERCADOS",52,"2011-01-10 00:00:00.000","COMERCIAL MEXICANA","TIENDA DE AUTOSERVICIO","COMERCIAL MEXICANA SUCURSAL VILLAS DE LA HACIENDA","AV. LAGO DE GUADALUPE S/N ESQ. DE LAS VILLAS","MÉXICO","ATIZAPAN                                ",NA,NA
"ZUCARITAS","CAJA 730 GR.","KELLOGG'S","ARROZ Y CEREALES PREPARADOS","BASICOS",38.91,"2011-01-10 00:00:00.000","COMERCIAL MEXICANA","TIENDA DE AUTOSERVICIO","COMERCIAL MEXICANA SUCURSAL VILLAS DE LA HACIENDA","AV. LAGO DE GUADALUPE S/N ESQ. DE LAS VILLAS","MÉXICO","ATIZAPAN                                ",NA,NA
"CORN FLAKES","CAJA 660 GR.","NESTLE","ARROZ Y CEREALES PREPARADOS","BASICOS",32,"2011-01-10 00:00:00.000","COMERCIAL MEXICANA","TIENDA DE AUTOSERVICIO","COMERCIAL MEXICANA SUCURSAL VILLAS DE LA HACIENDA","AV. LAGO DE GUADALUPE S/N ESQ. DE LAS VILLAS","MÉXICO","ATIZAPAN                                ",NA,NA
"AVENA","BOTE 400 GR. HOJUELA","AVENA 1 ENTERA TRADICIONAL","ARROZ Y CEREALES PREPARADOS","BASICOS",18.9,"2011-01-10 00:00:00.000","COMERCIAL MEXICANA","TIENDA DE AUTOSERVICIO","COMERCIAL MEXICANA SUCURSAL VILLAS DE LA HACIENDA","AV. LAGO DE GUADALUPE S/N ESQ. DE LAS VILLAS","MÉXICO","ATIZAPAN                                ",NA,NA
"GOLD","CAJA 640 GR.","NESTLE","ARROZ Y CEREALES PREPARADOS","BASICOS",38.9,"2011-01-10 00:00:00.000","COMERCIAL MEXICANA","TIENDA DE AUTOSERVICIO","COMERCIAL MEXICANA SUCURSAL VILLAS DE LA HACIENDA","AV. LAGO DE GUADALUPE S/N ESQ. DE LAS VILLAS","MÉXICO","ATIZAPAN                                ",NA,NA
"FUD","1 KG. GRANEL. JAMON. DE PIERNA. PREFERENTE. 14% PROTEINAS","S/M","CARNES FRIAS SECAS Y EMBUTIDOS","BASICOS",105.9,"2011-01-10 00:00:00.000","COMERCIAL MEXICANA","TIENDA DE AUTOSERVICIO","COMERCIAL MEXICANA SUCURSAL VILLAS DE LA HACIENDA","AV. LAGO DE GUADALUPE S/N ESQ. DE LAS VILLAS","MÉXICO","ATIZAPAN                                ",NA,NA
"ZWAN","1 KG. GRANEL. JAMON. TIPO VIRGINIA. PREFERENTE. 14% PROTEINAS. DE CERDO Y PAVO","S/M","CARNES FRIAS SECAS Y EMBUTIDOS","BASICOS",70,"2011-01-10 00:00:00.000","COMERCIAL MEXICANA","TIENDA DE AUTOSERVICIO","COMERCIAL MEXICANA SUCURSAL VILLAS DE LA HACIENDA","AV. LAGO DE GUADALUPE S/N ESQ. DE LAS VILLAS","MÉXICO","ATIZAPAN                                ",NA,NA
"KIR","1 KG. GRANEL. JAMON. DE PAVO. AHUMADO. PREFERENTE. 14% PROTEINAS","S/M","CARNES FRIAS SECAS Y EMBUTIDOS","BASICOS",103.6,"2011-01-10 00:00:00.000","COMERCIAL MEXICANA","TIENDA DE AUTOSERVICIO","COMERCIAL MEXICANA SUCURSAL VILLAS DE LA HACIENDA","AV. LAGO DE GUADALUPE S/N ESQ. DE LAS VILLAS","MÉXICO","ATIZAPAN                                ",NA,NA
"ALPINO","1 KG. GRANEL. JAMON. DE PAVO Y CERDO. TIPO VIRGINIA. COMERCIAL. 12% PROTEINAS","S/M","CARNES FRIAS SECAS Y EMBUTIDOS","BASICOS",69.9,"2011-01-10 00:00:00.000","COMERCIAL MEXICANA","TIENDA DE AUTOSERVICIO","COMERCIAL MEXICANA SUCURSAL VILLAS DE LA HACIENDA","AV. LAGO DE GUADALUPE S/N ESQ. DE LAS VILLAS","MÉXICO","ATIZAPAN                                ",NA,NA
"SAN RAFAEL. REAL","1 KG. GRANEL. JAMON. DE PIERNA FINO 16% PROTEINAS","S/M","CARNES FRIAS SECAS Y EMBUTIDOS","BASICOS",124.6,"2011-01-10 00:00:00.000","COMERCIAL MEXICANA","TIENDA DE AUTOSERVICIO","COMERCIAL MEXICANA SUCURSAL VILLAS DE LA HACIENDA","AV. LAGO DE GUADALUPE S/N ESQ. DE LAS VILLAS","MÉXICO","ATIZAPAN                                ",NA,NA
"IBERO. BARCELONA","1 KG. GRANEL. JAMON. DE CERDO Y PAVO. COMERCIAL. 12% PROTEINA","S/M","CARNES FRIAS SECAS Y EMBUTIDOS","BASICOS",58.8,"2011-01-10 00:00:00.000","COMERCIAL MEXICANA","TIENDA DE AUTOSERVICIO","COMERCIAL MEXICANA SUCURSAL VILLAS DE LA HACIENDA","AV. LAGO DE GUADALUPE S/N ESQ. DE LAS VILLAS","MÉXICO","ATIZAPAN                                ",NA,NA
"SAN RAFAEL","PAQUETE 500 GR. SALCHICHA. DE PAVO","S/M","CARNES FRIAS SECAS Y EMBUTIDOS","BASICOS",30.2,"2011-01-10 00:00:00.000","COMERCIAL MEXICANA","TIENDA DE AUTOSERVICIO","COMERCIAL MEXICANA SUCURSAL VILLAS DE LA HACIENDA","AV. LAGO DE GUADALUPE S/N ESQ. DE LAS VILLAS","MÉXICO","ATIZAPAN                                ",NA,NA
"FUD","1 KG. GRANEL. SALCHICHA. DE PAVO. TURKEY LINE","S/M","CARNES FRIAS SECAS Y EMBUTIDOS","MERCADOS",52.7,"2011-01-10 00:00:00.000","COMERCIAL MEXICANA","TIENDA DE AUTOSERVICIO","COMERCIAL MEXICANA SUCURSAL VILLAS DE LA HACIENDA","AV. LAGO DE GUADALUPE S/N ESQ. DE LAS VILLAS","MÉXICO","ATIZAPAN                                ",NA,NA
"ZWAN","1 KG. GRANEL. SALCHICHA. COCKTELERA O COCKTAIL","S/M","CARNES FRIAS SECAS Y EMBUTIDOS","MERCADOS",56.2,"2011-01-10 00:00:00.000","COMERCIAL MEXICANA","TIENDA DE AUTOSERVICIO","COMERCIAL MEXICANA SUCURSAL VILLAS DE LA HACIENDA","AV. LAGO DE GUADALUPE S/N ESQ. DE LAS VILLAS","MÉXICO","ATIZAPAN                                ",NA,NA
"SAN RAFAEL","1 KG. GRANEL. CHORIZO. ESTILO ESPANOL","S/M","CARNES FRIAS SECAS Y EMBUTIDOS","BASICOS",83.5,"2011-01-10 00:00:00.000","COMERCIAL MEXICANA","TIENDA DE AUTOSERVICIO","COMERCIAL MEXICANA SUCURSAL VILLAS DE LA HACIENDA","AV. LAGO DE GUADALUPE S/N ESQ. DE LAS VILLAS","MÉXICO","ATIZAPAN                                ",NA,NA
"ZWAN","1 KG. GRANEL. CHORIZO. CANTIMPALO","S/M","CARNES FRIAS SECAS Y EMBUTIDOS","BASICOS",92,"2011-01-10 00:00:00.000","COMERCIAL MEXICANA","TIENDA DE AUTOSERVICIO","COMERCIAL MEXICANA SUCURSAL VILLAS DE LA HACIENDA","AV. LAGO DE GUADALUPE S/N ESQ. DE LAS VILLAS","MÉXICO","ATIZAPAN                                ",NA,NA
"SAN RAFAEL","PAQUETE 340 GR. TOCINO AHUMADO","S/M","CARNES FRIAS SECAS Y EMBUTIDOS","BASICOS",52,"2011-01-10 00:00:00.000","COMERCIAL MEXICANA","TIENDA DE AUTOSERVICIO","COMERCIAL MEXICANA SUCURSAL VILLAS DE LA HACIENDA","AV. LAGO DE GUADALUPE S/N ESQ. DE LAS VILLAS","MÉXICO","ATIZAPAN                                ",NA,NA
"SARDINA","LATA 425 GR. EN TOMATE","CALMEX","PESCADOS Y MARISCOS EN CONSERVA","BASICOS",19.9,"2011-01-10 00:00:00.000","COMERCIAL MEXICANA","TIENDA DE AUTOSERVICIO","COMERCIAL MEXICANA SUCURSAL VILLAS DE LA HACIENDA","AV. LAGO DE GUADALUPE S/N ESQ. DE LAS VILLAS","MÉXICO","ATIZAPAN                                ",NA,NA
"ATUN","LATA 170 GR. EN ACEITE","DOLORES","PESCADOS Y MARISCOS EN CONSERVA","MERCADOS",9.95,"2011-01-10 00:00:00.000","COMERCIAL MEXICANA","TIENDA DE AUTOSERVICIO","COMERCIAL MEXICANA SUCURSAL VILLAS DE LA HACIENDA","AV. LAGO DE GUADALUPE S/N ESQ. DE LAS VILLAS","MÉXICO","ATIZAPAN                                ",NA,NA
"CAMARON MOLIDO","PAQUETE CONTENIDO VARIABLE. KG. MOLIDO","S/M","PESCADOS Y MARISCOS","BASICOS",57.5,"2011-01-10 00:00:00.000","COMERCIAL MEXICANA","TIENDA DE AUTOSERVICIO","COMERCIAL MEXICANA SUCURSAL VILLAS DE LA HACIENDA","AV. LAGO DE GUADALUPE S/N ESQ. DE LAS VILLAS","MÉXICO","ATIZAPAN                                ",NA,NA
"FUD","1 KG. GRANEL. PASTEL. CON  PIMIENTO","S/M","CARNES FRIAS SECAS Y EMBUTIDOS","BASICOS",58.5,"2011-01-10 00:00:00.000","COMERCIAL MEXICANA","TIENDA DE AUTOSERVICIO","COMERCIAL MEXICANA SUCURSAL VILLAS DE LA HACIENDA","AV. LAGO DE GUADALUPE S/N ESQ. DE LAS VILLAS","MÉXICO","ATIZAPAN                                ",NA,NA
"PARMA. CAMPESTRE","1 KG. GRANEL. QUESO. DE PUERCO","S/M","CARNES FRIAS SECAS Y EMBUTIDOS","BASICOS",78.89,"2011-01-10 00:00:00.000","COMERCIAL MEXICANA","TIENDA DE AUTOSERVICIO","COMERCIAL MEXICANA SUCURSAL VILLAS DE LA HACIENDA","AV. LAGO DE GUADALUPE S/N ESQ. DE LAS VILLAS","MÉXICO","ATIZAPAN                                ",NA,NA
"ZWAN","PAQUETE 500 GR. SALCHICHA. VIENESA","S/M","CARNES FRIAS SECAS Y EMBUTIDOS","BASICOS",22.3,"2011-01-10 00:00:00.000","COMERCIAL MEXICANA","TIENDA DE AUTOSERVICIO","COMERCIAL MEXICANA SUCURSAL VILLAS DE LA HACIENDA","AV. LAGO DE GUADALUPE S/N ESQ. DE LAS VILLAS","MÉXICO","ATIZAPAN                                ",NA,NA
"CREMA","VASO 200 ML.","LALA","DERIVADOS DE LECHE","BASICOS",7.75,"2011-01-10 00:00:00.000","COMERCIAL MEXICANA","TIENDA DE AUTOSERVICIO","COMERCIAL MEXICANA SUCURSAL VILLAS DE LA HACIENDA","AV. LAGO DE GUADALUPE S/N ESQ. DE LAS VILLAS","MÉXICO","ATIZAPAN                                ",NA,NA
"CREMA","1 KG. GRANEL","S/M","DERIVADOS DE LECHE","BASICOS",44,"2011-01-10 00:00:00.000","COMERCIAL MEXICANA","TIENDA DE AUTOSERVICIO","COMERCIAL MEXICANA SUCURSAL VILLAS DE LA HACIENDA","AV. LAGO DE GUADALUPE S/N ESQ. DE LAS VILLAS","MÉXICO","ATIZAPAN                                ",NA,NA
"LECHE PASTEURIZADA","ENTERA. ENVASE 1 LT.","ALPURA. CLASICA","LECHE PROCESADA","BASICOS",12.2,"2011-01-10 00:00:00.000","COMERCIAL MEXICANA","TIENDA DE AUTOSERVICIO","COMERCIAL MEXICANA SUCURSAL VILLAS DE LA HACIENDA","AV. LAGO DE GUADALUPE S/N ESQ. DE LAS VILLAS","MÉXICO","ATIZAPAN                                ",NA,NA
"LECHE CONDENSADA","LATA 100 GR.","LA LECHERA","LECHE PROCESADA","MERCADOS",6.02,"2011-01-10 00:00:00.000","COMERCIAL MEXICANA","TIENDA DE AUTOSERVICIO","COMERCIAL MEXICANA SUCURSAL VILLAS DE LA HACIENDA","AV. LAGO DE GUADALUPE S/N ESQ. DE LAS VILLAS","MÉXICO","ATIZAPAN                                ",NA,NA
"LECHE EN POLVO","NIÑOS. BOLSA 500 GR.  (PRODUCTO LÁCTEO)","ALPURA. KIDS","LECHE PROCESADA","BASICOS",51.1,"2011-01-10 00:00:00.000","COMERCIAL MEXICANA","TIENDA DE AUTOSERVICIO","COMERCIAL MEXICANA SUCURSAL VILLAS DE LA HACIENDA","AV. LAGO DE GUADALUPE S/N ESQ. DE LAS VILLAS","MÉXICO","ATIZAPAN                                ",NA,NA
"SARDINA","LATA 425 GR. EN TOMATE","GUAYMEX","PESCADOS Y MARISCOS EN CONSERVA","BASICOS",14.55,"2011-01-10 00:00:00.000","COMERCIAL MEXICANA","TIENDA DE AUTOSERVICIO","COMERCIAL MEXICANA SUCURSAL VILLAS DE LA HACIENDA","AV. LAGO DE GUADALUPE S/N ESQ. DE LAS VILLAS","MÉXICO","ATIZAPAN                                ",NA,NA
"LECHE ULTRAPASTEURIZADA","SEMIDESCREMADA. CAJA 1 LT.","SAN MARCOS","LECHE PROCESADA","BASICOS",12.7,"2011-01-10 00:00:00.000","COMERCIAL MEXICANA","TIENDA DE AUTOSERVICIO","COMERCIAL MEXICANA SUCURSAL VILLAS DE LA HACIENDA","AV. LAGO DE GUADALUPE S/N ESQ. DE LAS VILLAS","MÉXICO","ATIZAPAN                                ",NA,NA
"YOGHURT","VASO 120 GR. CON FRESAS","DANONE","DERIVADOS DE LECHE","BASICOS",2.5,"2011-01-10 00:00:00.000","COMERCIAL MEXICANA","TIENDA DE AUTOSERVICIO","COMERCIAL MEXICANA SUCURSAL VILLAS DE LA HACIENDA","AV. LAGO DE GUADALUPE S/N ESQ. DE LAS VILLAS","MÉXICO","ATIZAPAN                                ",NA,NA
"FRANJA","1 KG. GRANEL. QUESO. OAXACA","S/M","DERIVADOS DE LECHE","BASICOS",88.9,"2011-01-10 00:00:00.000","COMERCIAL MEXICANA","TIENDA DE AUTOSERVICIO","COMERCIAL MEXICANA SUCURSAL VILLAS DE LA HACIENDA","AV. LAGO DE GUADALUPE S/N ESQ. DE LAS VILLAS","MÉXICO","ATIZAPAN                                ",NA,NA
"LOS VOLCANES","1 KG. GRANEL. QUESO. OAXACA","S/M","DERIVADOS DE LECHE","BASICOS",108.1,"2011-01-10 00:00:00.000","COMERCIAL MEXICANA","TIENDA DE AUTOSERVICIO","COMERCIAL MEXICANA SUCURSAL VILLAS DE LA HACIENDA","AV. LAGO DE GUADALUPE S/N ESQ. DE LAS VILLAS","MÉXICO","ATIZAPAN                                ",NA,NA
"CHALET","1 KG. GRANEL. QUESO MANCHEGO","S/M","DERIVADOS DE LECHE","BASICOS",118.5,"2011-01-10 00:00:00.000","COMERCIAL MEXICANA","TIENDA DE AUTOSERVICIO","COMERCIAL MEXICANA SUCURSAL VILLAS DE LA HACIENDA","AV. LAGO DE GUADALUPE S/N ESQ. DE LAS VILLAS","MÉXICO","ATIZAPAN                                ",NA,NA
"ESMERALDA","1 KG. GRANEL. QUESO MANCHEGO","S/M","DERIVADOS DE LECHE","BASICOS",103,"2011-01-10 00:00:00.000","COMERCIAL MEXICANA","TIENDA DE AUTOSERVICIO","COMERCIAL MEXICANA SUCURSAL VILLAS DE LA HACIENDA","AV. LAGO DE GUADALUPE S/N ESQ. DE LAS VILLAS","MÉXICO","ATIZAPAN                                ",NA,NA
"LIMON","1 KG. CON SEMILLA","S/M","FRUTAS FRESCAS","FRUTAS Y LEGUMBRES",39.9,"2011-01-10 00:00:00.000","COMERCIAL MEXICANA","TIENDA DE AUTOSERVICIO","COMERCIAL MEXICANA SUCURSAL VILLAS DE LA HACIENDA","AV. LAGO DE GUADALUPE S/N ESQ. DE LAS VILLAS","MÉXICO","ATIZAPAN                                ",NA,NA
"MARGARINA","CAJA PLASTICO 400 GR. SIN SAL","PRIMAVERA LIGHT","ACEITES Y GRASAS VEG. COMESTIBLES","BASICOS",25,"2011-01-10 00:00:00.000","COMERCIAL MEXICANA","TIENDA DE AUTOSERVICIO","COMERCIAL MEXICANA SUCURSAL VILLAS DE LA HACIENDA","AV. LAGO DE GUADALUPE S/N ESQ. DE LAS VILLAS","MÉXICO","ATIZAPAN                                ",NA,NA
"MARGARINA","BOTE 454 GR. CON SAL","I CANT BELIEVE ITS NOT BUTTER!","ACEITES Y GRASAS VEG. COMESTIBLES","BASICOS",51,"2011-01-10 00:00:00.000","COMERCIAL MEXICANA","TIENDA DE AUTOSERVICIO","COMERCIAL MEXICANA SUCURSAL VILLAS DE LA HACIENDA","AV. LAGO DE GUADALUPE S/N ESQ. DE LAS VILLAS","MÉXICO","ATIZAPAN                                ",NA,NA
"ACEITE","BOTELLA 1 LT. MIXTO","PATRONA","ACEITES Y GRASAS VEG. COMESTIBLES","BASICOS",21.89,"2011-01-10 00:00:00.000","COMERCIAL MEXICANA","TIENDA DE AUTOSERVICIO","COMERCIAL MEXICANA SUCURSAL VILLAS DE LA HACIENDA","AV. LAGO DE GUADALUPE S/N ESQ. DE LAS VILLAS","MÉXICO","ATIZAPAN                                ",NA,NA
"ACEITE","BOTELLA 1 LT. MAIZ","LA GLORIA","ACEITES Y GRASAS VEG. COMESTIBLES","BASICOS",26.1,"2011-01-10 00:00:00.000","COMERCIAL MEXICANA","TIENDA DE AUTOSERVICIO","COMERCIAL MEXICANA SUCURSAL VILLAS DE LA HACIENDA","AV. LAGO DE GUADALUPE S/N ESQ. DE LAS VILLAS","MÉXICO","ATIZAPAN                                ",NA,NA
"LECHE ULTRAPASTEURIZADA","ENTERA. CAJA 1 LT.","SAN MARCOS","LECHE PROCESADA","BASICOS",12.7,"2011-01-10 00:00:00.000","COMERCIAL MEXICANA","TIENDA DE AUTOSERVICIO","COMERCIAL MEXICANA SUCURSAL VILLAS DE LA HACIENDA","AV. LAGO DE GUADALUPE S/N ESQ. DE LAS VILLAS","MÉXICO","ATIZAPAN                                ",NA,NA
"ACEITE DE OLIVA","BOTELLA 750 ML. EXTRA VIRGEN","CARBONELL","PRODUCTOS DE TEMPORADA (NAVIDEÐOS)","BASICOS",93.6,"2011-01-10 00:00:00.000","COMERCIAL MEXICANA","TIENDA DE AUTOSERVICIO","COMERCIAL MEXICANA SUCURSAL VILLAS DE LA HACIENDA","AV. LAGO DE GUADALUPE S/N ESQ. DE LAS VILLAS","MÉXICO","ATIZAPAN                                ",NA,NA
"SERVILLETAS DE PAPEL BLANCO","PAQUETE 250 HOJAS","LYS","ARTS. DE PAPEL P/HIGIENE PERSONAL","BASICOS",16.5,"2011-01-10 00:00:00.000","COMERCIAL MEXICANA","TIENDA DE AUTOSERVICIO","COMERCIAL MEXICANA SUCURSAL VILLAS DE LA HACIENDA","AV. LAGO DE GUADALUPE S/N ESQ. DE LAS VILLAS","MÉXICO","ATIZAPAN                                ",NA,NA
"PAÑALES DESECHABLES","PAQUETE 40 PIEZAS. ANTIFUGAS. TALLA 4","CHICOLASTIC. KIDDIES","ARTS. DE PAPEL P/HIGIENE PERSONAL","BASICOS",137.8,"2011-01-10 00:00:00.000","COMERCIAL MEXICANA","TIENDA DE AUTOSERVICIO","COMERCIAL MEXICANA SUCURSAL VILLAS DE LA HACIENDA","AV. LAGO DE GUADALUPE S/N ESQ. DE LAS VILLAS","MÉXICO","ATIZAPAN                                ",NA,NA
"SHAMPOO PARA BEBES Y NIÑOS","BOTELLA 250 ML. RECIEN NACIDO","HUGGIES","ARTS. PARA EL CUIDADO PERSONAL","BASICOS",36.9,"2011-01-10 00:00:00.000","COMERCIAL MEXICANA","TIENDA DE AUTOSERVICIO","COMERCIAL MEXICANA SUCURSAL VILLAS DE LA HACIENDA","AV. LAGO DE GUADALUPE S/N ESQ. DE LAS VILLAS","MÉXICO","ATIZAPAN                                ",NA,NA
"SHAMPOO PARA BEBES / NINOS","BOTELLA 265 ML. 2 EN 1. MANGO NARANJA","L OREAL KIDS","ARTS. PARA EL CUIDADO PERSONAL","BASICOS",31.24,"2011-01-10 00:00:00.000","COMERCIAL MEXICANA","TIENDA DE AUTOSERVICIO","COMERCIAL MEXICANA SUCURSAL VILLAS DE LA HACIENDA","AV. LAGO DE GUADALUPE S/N ESQ. DE LAS VILLAS","MÉXICO","ATIZAPAN                                ",NA,NA
"SHAMPOO","BOTELLA 400 ML. MANZANILLA. BRILLO Y REPARACION","GRISI","ARTS. PARA EL CUIDADO PERSONAL","BASICOS",49,"2011-01-10 00:00:00.000","COMERCIAL MEXICANA","TIENDA DE AUTOSERVICIO","COMERCIAL MEXICANA SUCURSAL VILLAS DE LA HACIENDA","AV. LAGO DE GUADALUPE S/N ESQ. DE LAS VILLAS","MÉXICO","ATIZAPAN                                ",NA,NA
"REFRESCO","BOTELLA 2.5 LT. NO RETORNABLE.","MIRINDA","REFRESCOS ENVASADOS","BASICOS",14.5,"2011-01-10 00:00:00.000","COMERCIAL MEXICANA","TIENDA DE AUTOSERVICIO","COMERCIAL MEXICANA SUCURSAL VILLAS DE LA HACIENDA","AV. LAGO DE GUADALUPE S/N ESQ. DE LAS VILLAS","MÉXICO","ATIZAPAN                                ",NA,NA
"REFRESCO","BOTELLA 2 LT. NO RETORNABLE","PEPSI MAX","REFRESCOS ENVASADOS","BASICOS",10,"2011-01-10 00:00:00.000","COMERCIAL MEXICANA","TIENDA DE AUTOSERVICIO","COMERCIAL MEXICANA SUCURSAL VILLAS DE LA HACIENDA","AV. LAGO DE GUADALUPE S/N ESQ. DE LAS VILLAS","MÉXICO","ATIZAPAN                                ",NA,NA
"REFRESCO","BOTELLA 2.5 LT. NO RETORNABLE","COCA COLA","REFRESCOS ENVASADOS","BASICOS",17.9,"2011-01-10 00:00:00.000","COMERCIAL MEXICANA","TIENDA DE AUTOSERVICIO","COMERCIAL MEXICANA SUCURSAL VILLAS DE LA HACIENDA","AV. LAGO DE GUADALUPE S/N ESQ. DE LAS VILLAS","MÉXICO","ATIZAPAN                                ",NA,NA
"AGUA CON GAS","BOTELLA 2 LT.","GARCI CRESPO","REFRESCOS ENVASADOS","BASICOS",14.13,"2011-01-10 00:00:00.000","COMERCIAL MEXICANA","TIENDA DE AUTOSERVICIO","COMERCIAL MEXICANA SUCURSAL VILLAS DE LA HACIENDA","AV. LAGO DE GUADALUPE S/N ESQ. DE LAS VILLAS","MÉXICO","ATIZAPAN                                ",NA,NA
"ACEITUNA. RELLENA CON PIMIENTO","1 KG. GRANEL. ACEITUNA. RELLENA CON PIMIENTO","S/M","PRODUCTOS DE TEMPORADA (NAVIDEÐOS)","BASICOS",99.9,"2011-01-10 00:00:00.000","COMERCIAL MEXICANA","TIENDA DE AUTOSERVICIO","COMERCIAL MEXICANA SUCURSAL VILLAS DE LA HACIENDA","AV. LAGO DE GUADALUPE S/N ESQ. DE LAS VILLAS","MÉXICO","ATIZAPAN                                ",NA,NA
"ACEITE DE OLIVA","LATA 500 ML.","CARBONELL. CLASICO","PRODUCTOS DE TEMPORADA (NAVIDEÐOS)","BASICOS",57.92,"2011-01-10 00:00:00.000","COMERCIAL MEXICANA","TIENDA DE AUTOSERVICIO","COMERCIAL MEXICANA SUCURSAL VILLAS DE LA HACIENDA","AV. LAGO DE GUADALUPE S/N ESQ. DE LAS VILLAS","MÉXICO","ATIZAPAN                                ",NA,NA
"CONCENTRADO DE POLLO","FRASCO 450 GR. CALDO","KNORR","CONDIMENTOS","MERCADOS",44.9,"2011-01-10 00:00:00.000","COMERCIAL MEXICANA","TIENDA DE AUTOSERVICIO","COMERCIAL MEXICANA SUCURSAL VILLAS DE LA HACIENDA","AV. LAGO DE GUADALUPE S/N ESQ. DE LAS VILLAS","MÉXICO","ATIZAPAN                                ",NA,NA
"BEBIDAS HIDRATANTES","BOTELLA 600 ML. NARANJA. (SPORT BOTTLE)","GATORADE","REFRESCOS ENVASADOS","BASICOS",11.9,"2011-01-10 00:00:00.000","COMERCIAL MEXICANA","TIENDA DE AUTOSERVICIO","COMERCIAL MEXICANA SUCURSAL VILLAS DE LA HACIENDA","AV. LAGO DE GUADALUPE S/N ESQ. DE LAS VILLAS","MÉXICO","ATIZAPAN                                ",NA,NA
"REFRESCO","BOTELLA 3 LT. NO RETORNABLE","MANZANA LIFT","REFRESCOS ENVASADOS","BASICOS",13.22,"2011-01-10 00:00:00.000","COMERCIAL MEXICANA","TIENDA DE AUTOSERVICIO","COMERCIAL MEXICANA SUCURSAL VILLAS DE LA HACIENDA","AV. LAGO DE GUADALUPE S/N ESQ. DE LAS VILLAS","MÉXICO","ATIZAPAN                                ",NA,NA
"REFRESCO","BOTELLA 3.050 LT. NO RETORNABLE","BIG COLA","REFRESCOS ENVASADOS","BASICOS",14.1,"2011-01-10 00:00:00.000","COMERCIAL MEXICANA","TIENDA DE AUTOSERVICIO","COMERCIAL MEXICANA SUCURSAL VILLAS DE LA HACIENDA","AV. LAGO DE GUADALUPE S/N ESQ. DE LAS VILLAS","MÉXICO","ATIZAPAN                                ",NA,NA
"REFRESCO","BOTELLA 3 LT. NO RETORNABLE. NARANJA","FANTA","REFRESCOS ENVASADOS","BASICOS",13.21,"2011-01-10 00:00:00.000","COMERCIAL MEXICANA","TIENDA DE AUTOSERVICIO","COMERCIAL MEXICANA SUCURSAL VILLAS DE LA HACIENDA","AV. LAGO DE GUADALUPE S/N ESQ. DE LAS VILLAS","MÉXICO","ATIZAPAN                                ",NA,NA
"REFRESCO","BOTELLA 3 LT. NO RETORNABLE","PEPSI","REFRESCOS ENVASADOS","BASICOS",14.79,"2011-01-10 00:00:00.000","COMERCIAL MEXICANA","TIENDA DE AUTOSERVICIO","COMERCIAL MEXICANA SUCURSAL VILLAS DE LA HACIENDA","AV. LAGO DE GUADALUPE S/N ESQ. DE LAS VILLAS","MÉXICO","ATIZAPAN                                ",NA,NA
"GELATINA EN POLVO","BOLSA 170 GR. AGUA. LIMON","D'GARI","CHOCOLATES Y GOLOSINAS","BASICOS",6.6,"2011-01-10 00:00:00.000","COMERCIAL MEXICANA","TIENDA DE AUTOSERVICIO","COMERCIAL MEXICANA SUCURSAL VILLAS DE LA HACIENDA","AV. LAGO DE GUADALUPE S/N ESQ. DE LAS VILLAS","MÉXICO","ATIZAPAN                                ",NA,NA
"POLVO P/BEBIDAS SABOR CHOCOLATE","BOLSA 400 GR.","CHOCO CHOCO","CHOCOLATES Y GOLOSINAS","MERCADOS",19.1,"2011-01-10 00:00:00.000","COMERCIAL MEXICANA","TIENDA DE AUTOSERVICIO","COMERCIAL MEXICANA SUCURSAL VILLAS DE LA HACIENDA","AV. LAGO DE GUADALUPE S/N ESQ. DE LAS VILLAS","MÉXICO","ATIZAPAN                                ",NA,NA
"SAL MOLIDA DE MESA","BOLSA 1 KG.","LA FINA","CONDIMENTOS","BASICOS",6.5,"2011-01-10 00:00:00.000","COMERCIAL MEXICANA","TIENDA DE AUTOSERVICIO","COMERCIAL MEXICANA SUCURSAL VILLAS DE LA HACIENDA","AV. LAGO DE GUADALUPE S/N ESQ. DE LAS VILLAS","MÉXICO","ATIZAPAN                                ",NA,NA
"MAYONESA","FRASCO 390 GR. ESPESITA Y CON JUGO DE LIMON","HELLMANN S","CONDIMENTOS","BASICOS",15.9,"2011-01-10 00:00:00.000","COMERCIAL MEXICANA","TIENDA DE AUTOSERVICIO","COMERCIAL MEXICANA SUCURSAL VILLAS DE LA HACIENDA","AV. LAGO DE GUADALUPE S/N ESQ. DE LAS VILLAS","MÉXICO","ATIZAPAN                                ",NA,NA
"MAYONESA","FRASCO 190 GR. CON JUGO DE LIMONES","LA COSTENA","CONDIMENTOS","BASICOS",12.4,"2011-01-10 00:00:00.000","COMERCIAL MEXICANA","TIENDA DE AUTOSERVICIO","COMERCIAL MEXICANA SUCURSAL VILLAS DE LA HACIENDA","AV. LAGO DE GUADALUPE S/N ESQ. DE LAS VILLAS","MÉXICO","ATIZAPAN                                ",NA,NA
"CONCENTRADO DE POLLO","PAQUETE 800 GR CALDO.","KNORR","CONDIMENTOS","BASICOS",62.9,"2011-01-10 00:00:00.000","COMERCIAL MEXICANA","TIENDA DE AUTOSERVICIO","COMERCIAL MEXICANA SUCURSAL VILLAS DE LA HACIENDA","AV. LAGO DE GUADALUPE S/N ESQ. DE LAS VILLAS","MÉXICO","ATIZAPAN                                ",NA,NA
"LICUADORAS","BRLY07-Z00 O BRLY07-Z00-013 (NEGRA). VELOCIDADES 2 (AUTOMATICO) 3+2 PULSOS (MANUAL). BASE PLASTICO. VASO VIDRIO","OSTER","APARATOS ELECTRICOS","ELECTRODOMESTICOS",1378,"2011-01-10 00:00:00.000","COMERCIAL MEXICANA","TIENDA DE AUTOSERVICIO","COMERCIAL MEXICANA SUCURSAL VILLAS DE LA HACIENDA","AV. LAGO DE GUADALUPE S/N ESQ. DE LAS VILLAS","MÉXICO","ATIZAPAN                                ",NA,NA
"LICUADORAS","BLM 2350 P. VELOCIDADES 2+1 PULSO. BASE PLASTICO. VASO PLASTICO","BLACK & DECKER","APARATOS ELECTRICOS","ELECTRODOMESTICOS",298,"2011-01-10 00:00:00.000","COMERCIAL MEXICANA","TIENDA DE AUTOSERVICIO","COMERCIAL MEXICANA SUCURSAL VILLAS DE LA HACIENDA","AV. LAGO DE GUADALUPE S/N ESQ. DE LAS VILLAS","MÉXICO","ATIZAPAN                                ",NA,NA
"LAVADORAS","WA 15 X7R. 13 KG. IMPULSOR. CENTRIFUGADO","SAMSUNG","APARATOS ELECTRICOS","ELECTRODOMESTICOS",6055,"2011-01-10 00:00:00.000","COMERCIAL MEXICANA","TIENDA DE AUTOSERVICIO","COMERCIAL MEXICANA SUCURSAL VILLAS DE LA HACIENDA","AV. LAGO DE GUADALUPE S/N ESQ. DE LAS VILLAS","MÉXICO","ATIZAPAN                                ",NA,NA
"EXTRACTORES DE JUGOS Y EXPRIMIDORES","TC1000. EXPRIMIDOR","TAURUS","APARATOS ELECTRICOS","ELECTRODOMESTICOS",198,"2011-01-10 00:00:00.000","COMERCIAL MEXICANA","TIENDA DE AUTOSERVICIO","COMERCIAL MEXICANA SUCURSAL VILLAS DE LA HACIENDA","AV. LAGO DE GUADALUPE S/N ESQ. DE LAS VILLAS","MÉXICO","ATIZAPAN                                ",NA,NA
"CERVEZA","CANASTA CON 6 BOTELLAS DE 355 ML. NO RETORNABLE","INDIO","CERVEZA","BASICOS",52,"2011-01-10 00:00:00.000","COMERCIAL MEXICANA","TIENDA DE AUTOSERVICIO","COMERCIAL MEXICANA SUCURSAL VILLAS DE LA HACIENDA","AV. LAGO DE GUADALUPE S/N ESQ. DE LAS VILLAS","MÉXICO","ATIZAPAN                                ",NA,NA
"CERVEZA","CANASTA CON 6 BOTELLAS DE 325 ML.","BARRILITO","CERVEZA","BASICOS",48.5,"2011-01-10 00:00:00.000","COMERCIAL MEXICANA","TIENDA DE AUTOSERVICIO","COMERCIAL MEXICANA SUCURSAL VILLAS DE LA HACIENDA","AV. LAGO DE GUADALUPE S/N ESQ. DE LAS VILLAS","MÉXICO","ATIZAPAN                                ",NA,NA
"JABON DE TOCADOR","BARRA 180 GR.","PALMOLIVE. NEUTRO BALANCE","ARTS. PARA EL CUIDADO PERSONAL","MERCADOS",9,"2011-01-10 00:00:00.000","COMERCIAL MEXICANA","TIENDA DE AUTOSERVICIO","COMERCIAL MEXICANA SUCURSAL VILLAS DE LA HACIENDA","AV. LAGO DE GUADALUPE S/N ESQ. DE LAS VILLAS","MÉXICO","ATIZAPAN                                ",NA,NA
"JABON DE TOCADOR","CAJA CON BARRA 100 GR. RICITOS DE ORO CON MANZANILLA PARA BEBE","GRISI","ARTS. PARA EL CUIDADO PERSONAL","BASICOS",11.7,"2011-01-10 00:00:00.000","COMERCIAL MEXICANA","TIENDA DE AUTOSERVICIO","COMERCIAL MEXICANA SUCURSAL VILLAS DE LA HACIENDA","AV. LAGO DE GUADALUPE S/N ESQ. DE LAS VILLAS","MÉXICO","ATIZAPAN                                ",NA,NA
"COMPONENTES DE AUDIO","MHC-EX9. CD'S 3 MP3; USB. SIN CASETERA. POTENCIA 5;100 W (PMPO)","SONY","APARATOS ELECTRONICOS","ELECTRODOMESTICOS",3999,"2011-01-10 00:00:00.000","COMERCIAL MEXICANA","TIENDA DE AUTOSERVICIO","COMERCIAL MEXICANA SUCURSAL VILLAS DE LA HACIENDA","AV. LAGO DE GUADALUPE S/N ESQ. DE LAS VILLAS","MÉXICO","ATIZAPAN                                ",NA,NA
"REFRIGERADORES","RT 45 VNPP (SILVER). 393.2 DM3. 2 PUERTAS HORIZONTAL Y VERTICAL. DESHIELO AUTOMATICO","SAMSUNG","APARATOS ELECTRICOS","ELECTRODOMESTICOS",6899,"2011-01-10 00:00:00.000","COMERCIAL MEXICANA","TIENDA DE AUTOSERVICIO","COMERCIAL MEXICANA SUCURSAL VILLAS DE LA HACIENDA","AV. LAGO DE GUADALUPE S/N ESQ. DE LAS VILLAS","MÉXICO","ATIZAPAN                                ",NA,NA
"REFRIGERADORES","RT 32 YNPP (SILVER). 273.7 DM3. 2 PUERTAS HORIZONTAL Y VERTICAL. DESHIELO AUTOMATICO","SAMSUNG","APARATOS ELECTRICOS","ELECTRODOMESTICOS",4698,"2011-01-10 00:00:00.000","COMERCIAL MEXICANA","TIENDA DE AUTOSERVICIO","COMERCIAL MEXICANA SUCURSAL VILLAS DE LA HACIENDA","AV. LAGO DE GUADALUPE S/N ESQ. DE LAS VILLAS","MÉXICO","ATIZAPAN                                ",NA,NA
"PLANCHAS","5002 o 5002-13. VAPOR. SUELA ALUMINIO PULIDO","OSTER","APARATOS ELECTRICOS","ELECTRODOMESTICOS",258,"2011-01-10 00:00:00.000","COMERCIAL MEXICANA","TIENDA DE AUTOSERVICIO","COMERCIAL MEXICANA SUCURSAL VILLAS DE LA HACIENDA","AV. LAGO DE GUADALUPE S/N ESQ. DE LAS VILLAS","MÉXICO","ATIZAPAN                                ",NA,NA
"NORVAS","CAJA CON 10 TABLETAS DE 5 MG.","PFIZER, S.A. DE C.V.","MEDICAMENTOS","MEDICAMENTOS",165.9,"2011-01-10 00:00:00.000","COMERCIAL MEXICANA","TIENDA DE AUTOSERVICIO","COMERCIAL MEXICANA SUCURSAL VILLAS DE LA HACIENDA","AV. LAGO DE GUADALUPE S/N ESQ. DE LAS VILLAS","MÉXICO","ATIZAPAN                                ",NA,NA
"CREMA DENTAL","TUBO 100 ML.","COLGATE. MAXIMA PROTECCION ANTICARIES. CON CALCIO","ARTS. PARA EL CUIDADO PERSONAL","BASICOS",13.3,"2011-01-10 00:00:00.000","COMERCIAL MEXICANA","TIENDA DE AUTOSERVICIO","COMERCIAL MEXICANA SUCURSAL VILLAS DE LA HACIENDA","AV. LAGO DE GUADALUPE S/N ESQ. DE LAS VILLAS","MÉXICO","ATIZAPAN                                ",NA,NA
"DESODORANTE","ROLL ON 50 GR.","JOVAN MUSK. FOR MEN","ARTS. PARA EL CUIDADO PERSONAL","BASICOS",21.3,"2011-01-10 00:00:00.000","COMERCIAL MEXICANA","TIENDA DE AUTOSERVICIO","COMERCIAL MEXICANA SUCURSAL VILLAS DE LA HACIENDA","AV. LAGO DE GUADALUPE S/N ESQ. DE LAS VILLAS","MÉXICO","ATIZAPAN                                ",NA,NA
"DESODORANTE","ROLL ON 65 GR. FRESCURA SUAVE","OBAO","ARTS. PARA EL CUIDADO PERSONAL","BASICOS",22.5,"2011-01-10 00:00:00.000","COMERCIAL MEXICANA","TIENDA DE AUTOSERVICIO","COMERCIAL MEXICANA SUCURSAL VILLAS DE LA HACIENDA","AV. LAGO DE GUADALUPE S/N ESQ. DE LAS VILLAS","MÉXICO","ATIZAPAN                                ",NA,NA
"RASTRILLOS DESECHABLES","BOLSA CON 5. PRESTO BARBA. ULTRA GRIP. MOVIL","GILLETTE","ARTS. PARA EL CUIDADO PERSONAL","BASICOS",62.27,"2011-01-10 00:00:00.000","COMERCIAL MEXICANA","TIENDA DE AUTOSERVICIO","COMERCIAL MEXICANA SUCURSAL VILLAS DE LA HACIENDA","AV. LAGO DE GUADALUPE S/N ESQ. DE LAS VILLAS","MÉXICO","ATIZAPAN                                ",NA,NA
"JABON DE TOCADOR","BARRA 90 GR. PARA BEBE. JABON CREMOSO","NIVEA. BABY","ARTS. PARA EL CUIDADO PERSONAL","BASICOS",11,"2011-01-10 00:00:00.000","COMERCIAL MEXICANA","TIENDA DE AUTOSERVICIO","COMERCIAL MEXICANA SUCURSAL VILLAS DE LA HACIENDA","AV. LAGO DE GUADALUPE S/N ESQ. DE LAS VILLAS","MÉXICO","ATIZAPAN                                ",NA,NA
"POSIPEN","CAJA CON 20 CAPSULAS DE 250 MG.","LABORATORIOS SANFER, S.A. DE C.V.","MEDICAMENTOS","MEDICAMENTOS",156.1,"2011-01-10 00:00:00.000","COMERCIAL MEXICANA","TIENDA DE AUTOSERVICIO","COMERCIAL MEXICANA SUCURSAL VILLAS DE LA HACIENDA","AV. LAGO DE GUADALUPE S/N ESQ. DE LAS VILLAS","MÉXICO","ATIZAPAN                                ",NA,NA
"DALACIN V","TUBO DE 40 GR CON 7 APLICADORES AL 2 %","PHARMACIA & UPJOHN, S.A. DE C.V.","MEDICAMENTOS","MEDICAMENTOS",277.87,"2011-01-10 00:00:00.000","COMERCIAL MEXICANA","TIENDA DE AUTOSERVICIO","COMERCIAL MEXICANA SUCURSAL VILLAS DE LA HACIENDA","AV. LAGO DE GUADALUPE S/N ESQ. DE LAS VILLAS","MÉXICO","ATIZAPAN                                ",NA,NA
"PROZAC 20","CAJA CON 28  CAPSULAS DE  20 MG","ELI LILLY Y COMPAÑIA DE MEXICO, S.A. DE C.V.","MEDICAMENTOS","MEDICAMENTOS",689.71,"2011-01-10 00:00:00.000","COMERCIAL MEXICANA","TIENDA DE AUTOSERVICIO","COMERCIAL MEXICANA SUCURSAL VILLAS DE LA HACIENDA","AV. LAGO DE GUADALUPE S/N ESQ. DE LAS VILLAS","MÉXICO","ATIZAPAN                                ",NA,NA
"ATACAND","CAJA CON 14 TABLETAS DE 8 MG.","SIN MARCA","MEDICAMENTOS","MEDICAMENTOS",222,"2011-01-10 00:00:00.000","COMERCIAL MEXICANA","TIENDA DE AUTOSERVICIO","COMERCIAL MEXICANA SUCURSAL VILLAS DE LA HACIENDA","AV. LAGO DE GUADALUPE S/N ESQ. DE LAS VILLAS","MÉXICO","ATIZAPAN                                ",NA,NA
"CO-APROVEL","CAJA CON 28 TABLETAS 300 MG. / 12.5 MG","SIN MARCA","MEDICAMENTOS","MEDICAMENTOS",567.31,"2011-01-10 00:00:00.000","COMERCIAL MEXICANA","TIENDA DE AUTOSERVICIO","COMERCIAL MEXICANA SUCURSAL VILLAS DE LA HACIENDA","AV. LAGO DE GUADALUPE S/N ESQ. DE LAS VILLAS","MÉXICO","ATIZAPAN                                ",NA,NA
"CO-APROVEL","CAJA CON 14 TABLETAS 300 MG. / 25 MG","SIN MARCA","MEDICAMENTOS","MEDICAMENTOS",330,"2011-01-10 00:00:00.000","COMERCIAL MEXICANA","TIENDA DE AUTOSERVICIO","COMERCIAL MEXICANA SUCURSAL VILLAS DE LA HACIENDA","AV. LAGO DE GUADALUPE S/N ESQ. DE LAS VILLAS","MÉXICO","ATIZAPAN                                ",NA,NA
"AMOXIBRON","CAJA CON 12 CAPSULAS 500 MG./8 MG.","LABORATORIOS SANFER, S.A. DE C.V.","MEDICAMENTOS","MEDICAMENTOS",112,"2011-01-10 00:00:00.000","COMERCIAL MEXICANA","TIENDA DE AUTOSERVICIO","COMERCIAL MEXICANA SUCURSAL VILLAS DE LA HACIENDA","AV. LAGO DE GUADALUPE S/N ESQ. DE LAS VILLAS","MÉXICO","ATIZAPAN                                ",NA,NA
"NEUGERON","CAJA CON 20  TABLETAS DE  200 MG","ARMSTRONG LABORATORIOS DE MEXICO, S.A DE C.V.","MEDICAMENTOS","MEDICAMENTOS",120.19,"2011-01-10 00:00:00.000","COMERCIAL MEXICANA","TIENDA DE AUTOSERVICIO","COMERCIAL MEXICANA SUCURSAL VILLAS DE LA HACIENDA","AV. LAGO DE GUADALUPE S/N ESQ. DE LAS VILLAS","MÉXICO","ATIZAPAN                                ",NA,NA
"ASPIRINA","CAJA CON 40 TABLETAS DE 500 MG.","S/M","MEDICAMENTOS","MEDICAMENTOS",15.9,"2011-01-10 00:00:00.000","COMERCIAL MEXICANA","TIENDA DE AUTOSERVICIO","COMERCIAL MEXICANA SUCURSAL VILLAS DE LA HACIENDA","AV. LAGO DE GUADALUPE S/N ESQ. DE LAS VILLAS","MÉXICO","ATIZAPAN                                ",NA,NA
"JABON LIMPIADOR","BARRA 350 GR.","VIVA","DETERGENTES Y PRODUCTOS SIMILARES","MERCADOS",10.75,"2011-01-10 00:00:00.000","COMERCIAL MEXICANA","TIENDA DE AUTOSERVICIO","COMERCIAL MEXICANA SUCURSAL VILLAS DE LA HACIENDA","AV. LAGO DE GUADALUPE S/N ESQ. DE LAS VILLAS","MÉXICO","ATIZAPAN                                ",NA,NA
"CECLOR","CAJA CON 15  CAPSULAS DE 250 MG","SIN MARCA","MEDICAMENTOS","MEDICAMENTOS",279.3,"2011-01-10 00:00:00.000","COMERCIAL MEXICANA","TIENDA DE AUTOSERVICIO","COMERCIAL MEXICANA SUCURSAL VILLAS DE LA HACIENDA","AV. LAGO DE GUADALUPE S/N ESQ. DE LAS VILLAS","MÉXICO","ATIZAPAN                                ",NA,NA
"FLAGENASE 400","CAJA CON 30 CAPSULAS 400 MG.","LABORATORIOS LIOMONT, S.A. DE C.V.","MEDICAMENTOS","MEDICAMENTOS",72.8,"2011-01-10 00:00:00.000","COMERCIAL MEXICANA","TIENDA DE AUTOSERVICIO","COMERCIAL MEXICANA SUCURSAL VILLAS DE LA HACIENDA","AV. LAGO DE GUADALUPE S/N ESQ. DE LAS VILLAS","MÉXICO","ATIZAPAN                                ",NA,NA
"SISTEMAS DE TEATRO EN CASA HOME THEATER","DAV-TZ210. 1 CD; DOLBY DIGITAL  PRO LOGIC II;  DTS DIGITAL SURROUND; DVD; CD; MP3; JPEG; USB","SONY","APARATOS ELECTRONICOS","ELECTRODOMESTICOS",3298,"2011-01-10 00:00:00.000","COMERCIAL MEXICANA","TIENDA DE AUTOSERVICIO","COMERCIAL MEXICANA SUCURSAL VILLAS DE LA HACIENDA","AV. LAGO DE GUADALUPE S/N ESQ. DE LAS VILLAS","MÉXICO","ATIZAPAN                                ",NA,NA
"DETERGENTE P/ROPA","BOLSA 900 GR. POLVO. ULTRA BLANQUEADOR","ARIEL","DETERGENTES Y PRODUCTOS SIMILARES","BASICOS",28.9,"2011-01-10 00:00:00.000","COMERCIAL MEXICANA","TIENDA DE AUTOSERVICIO","COMERCIAL MEXICANA SUCURSAL VILLAS DE LA HACIENDA","AV. LAGO DE GUADALUPE S/N ESQ. DE LAS VILLAS","MÉXICO","ATIZAPAN                                ",NA,NA
"DETERGENTE P/ROPA","BOLSA 1 KG. POLVO. CON UN TOQUE DE DOWNY","ARIEL","DETERGENTES Y PRODUCTOS SIMILARES","BASICOS",24.97,"2011-01-10 00:00:00.000","COMERCIAL MEXICANA","TIENDA DE AUTOSERVICIO","COMERCIAL MEXICANA SUCURSAL VILLAS DE LA HACIENDA","AV. LAGO DE GUADALUPE S/N ESQ. DE LAS VILLAS","MÉXICO","ATIZAPAN                                ",NA,NA
"DETERGENTE P/ROPA","BOLSA 850 GR. POLVO. FRESCURA PRIMAVERAL","BOLD. 2 EN 1","DETERGENTES Y PRODUCTOS SIMILARES","MERCADOS",16.9,"2011-01-10 00:00:00.000","COMERCIAL MEXICANA","TIENDA DE AUTOSERVICIO","COMERCIAL MEXICANA SUCURSAL VILLAS DE LA HACIENDA","AV. LAGO DE GUADALUPE S/N ESQ. DE LAS VILLAS","MÉXICO","ATIZAPAN                                ",NA,NA
"DETERGENTE P/ROPA","BOLSA 1 KG. POLVO","BLANCA NIEVES","DETERGENTES Y PRODUCTOS SIMILARES","BASICOS",17.91,"2011-01-10 00:00:00.000","COMERCIAL MEXICANA","TIENDA DE AUTOSERVICIO","COMERCIAL MEXICANA SUCURSAL VILLAS DE LA HACIENDA","AV. LAGO DE GUADALUPE S/N ESQ. DE LAS VILLAS","MÉXICO","ATIZAPAN                                ",NA,NA
"DETERGENTE P/ROPA","BOLSA 1 KG. POLVO","ARIEL","DETERGENTES Y PRODUCTOS SIMILARES","BASICOS",25.4,"2011-01-10 00:00:00.000","COMERCIAL MEXICANA","TIENDA DE AUTOSERVICIO","COMERCIAL MEXICANA SUCURSAL VILLAS DE LA HACIENDA","AV. LAGO DE GUADALUPE S/N ESQ. DE LAS VILLAS","MÉXICO","ATIZAPAN                                ",NA,NA
"TORTILLA DE HARINA DE TRIGO","BOLSA 12 PIEZAS","TORTILLINAS TIA ROSA","TORTILLAS Y DERIVADOS DEL MAIZ","BASICOS",8.9,"2011-01-10 00:00:00.000","COMERCIAL MEXICANA","TIENDA DE AUTOSERVICIO","COMERCIAL MEXICANA SUCURSAL VILLAS DE LA HACIENDA","AV. LAGO DE GUADALUPE S/N ESQ. DE LAS VILLAS","MÉXICO","ATIZAPAN                                ",NA,NA
"TORTILLA DE HARINA DE TRIGO","BOLSA 10 PIEZAS","WONDER","TORTILLAS Y DERIVADOS DEL MAIZ","BASICOS",10.61,"2011-01-10 00:00:00.000","COMERCIAL MEXICANA","TIENDA DE AUTOSERVICIO","COMERCIAL MEXICANA SUCURSAL VILLAS DE LA HACIENDA","AV. LAGO DE GUADALUPE S/N ESQ. DE LAS VILLAS","MÉXICO","ATIZAPAN                                ",NA,NA